target,donor_sd,size_difficulty,n_cal_donors,method,donor_mean_coverage,donor_mean_coverage_sd,cell_pooled_coverage,frac_donors_poorly_covered,mean_set_size,p_rep_undercovers_5pts,reported_random_split
0.9,0.4,-0.5,6,cell_pooled,0.8817442136904571,0.02250251091635607,0.8979560093753908,0.08633333333333333,1.319798111197311,0.06,0.8990880137953305
0.9,0.4,-0.5,6,donor_crc,1.0,0.0,1.0,0.0,6.0,0.0,
0.9,0.4,-0.5,6,donor_weighted,0.8951204005547599,0.029792062562095784,0.9104727319354917,0.07233333333333333,1.4075053906152666,0.05,
0.9,0.4,-0.5,12,cell_pooled,0.8842614310188965,0.018786577529210507,0.9005017977783474,0.07533333333333334,1.3164221302069472,0.04,0.9011626139607465
0.9,0.4,-0.5,12,donor_crc,0.9730278107476829,0.013219140481834398,0.980756296530704,0.009333333333333334,2.220792894746511,0.0,
0.9,0.4,-0.5,12,donor_weighted,0.899147983621232,0.02436425974752644,0.9147134821191579,0.062,1.3975663109080105,0.02,
0.9,0.4,-0.5,24,cell_pooled,0.8827280336851564,0.013739937336842326,0.8998507900770852,0.08199999999999999,1.3204088003530385,0.02,0.9004251892731638
0.9,0.4,-0.5,24,donor_crc,0.9354636523624804,0.013968813747109378,0.9488537547808212,0.029666666666666668,1.653890408123861,0.0,
0.9,0.4,-0.5,24,donor_weighted,0.8983542522048178,0.01687284523667903,0.9145955297080852,0.06266666666666666,1.3996003314269114,0.0,
0.9,0.4,0.0,6,cell_pooled,0.901244256104754,0.01488503846073507,0.9010976675225002,0.011666666666666667,1.3434615387530573,0.0,0.90132516231778
0.9,0.4,0.0,6,donor_crc,1.0,0.0,1.0,0.0,6.0,0.0,
0.9,0.4,0.0,6,donor_weighted,0.9007246823991812,0.014977870165164598,0.9005158592573898,0.012,1.341291214739952,0.0,
0.9,0.4,0.0,12,cell_pooled,0.8995564953300523,0.011077326654537641,0.8995712112423311,0.011666666666666667,1.3290553455880463,0.0,0.8993499467280566
0.9,0.4,0.0,12,donor_crc,0.9749474181135233,0.0048167856955350676,0.9748599346451359,0.0,2.0043039424332,0.0,
0.9,0.4,0.0,12,donor_weighted,0.8992829410048573,0.011013126671293514,0.8993494771390861,0.011333333333333332,1.3276584514431784,0.0,
0.9,0.4,0.0,24,cell_pooled,0.8994369636517716,0.009195406485408307,0.899877760480938,0.007333333333333333,1.3270533519575374,0.0,0.8992839931304576
0.9,0.4,0.0,24,donor_crc,0.9375934620316828,0.007222252149838142,0.937885806506216,0.0,1.5488493639931626,0.0,
0.9,0.4,0.0,24,donor_weighted,0.8998051427636891,0.009234265719626447,0.9002402702871983,0.007666666666666666,1.328060803491263,0.0,
0.9,0.4,0.5,6,cell_pooled,0.9118367990201345,0.034310495210556076,0.8882329894132378,0.058666666666666666,1.6016965597904942,0.03,0.9003899595021266
0.9,0.4,0.5,6,donor_crc,1.0,0.0,1.0,0.0,6.0,0.0,
0.9,0.4,0.5,6,donor_weighted,0.8985753774128118,0.026542800160788693,0.8730261502396516,0.06533333333333333,1.4720000886201132,0.04,
0.9,0.4,0.5,12,cell_pooled,0.912701481894553,0.02863899538240579,0.8908084652292311,0.04833333333333333,1.580221943183522,0.01,0.8989689040233046
0.9,0.4,0.5,12,donor_crc,0.9718227269829349,0.011626584229785995,0.9582911802947534,0.009333333333333334,2.2466031159133757,0.0,
0.9,0.4,0.5,12,donor_weighted,0.89622012719353,0.021518201604635058,0.8727088112216137,0.06333333333333332,1.4528192692292916,0.02,
0.9,0.4,0.5,24,cell_pooled,0.9254400752245499,0.025034125292254898,0.9058348572303675,0.031,1.8381986840336189,0.0,0.8989387683874895
0.9,0.4,0.5,24,donor_crc,0.9383733465211357,0.01246585273632637,0.919601409884423,0.021,1.9159516518685202,0.0,
0.9,0.4,0.5,24,donor_weighted,0.9014250322034735,0.014227496194088187,0.8787458164683684,0.04866666666666667,1.5995742868909444,0.0,
0.9,0.8,-0.5,6,cell_pooled,0.8647692620790899,0.04419639893862019,0.9030699246392353,0.196,1.743651538021307,0.39,0.9009154707848194
0.9,0.8,-0.5,6,donor_crc,1.0,0.0,1.0,0.0,6.0,0.0,
0.9,0.8,-0.5,6,donor_weighted,0.8904723628406681,0.04716802861186953,0.9248024584939634,0.15633333333333332,1.9774516265091036,0.21,
0.9,0.8,-0.5,12,cell_pooled,0.8607537678568071,0.03836995726238628,0.8993739949720415,0.20266666666666666,1.694067133175327,0.36,0.899486848403982
0.9,0.8,-0.5,12,donor_crc,0.967055854777316,0.023798883116571544,0.9830570042972091,0.04333333333333333,3.3464997304284805,0.0,
0.9,0.8,-0.5,12,donor_weighted,0.8952630714042492,0.041750107408706404,0.9291267686165137,0.14433333333333334,1.9998056712306496,0.15,
0.9,0.8,-0.5,24,cell_pooled,0.8581888602419288,0.03144681446600022,0.899747970353731,0.21066666666666667,1.6663736416966153,0.4,0.9005664362551817
0.9,0.8,-0.5,24,donor_crc,0.9350016039189493,0.030929412866852978,0.9622828020928108,0.08166666666666667,2.497304145534231,0.01,
0.9,0.8,-0.5,24,donor_weighted,0.897653276914019,0.034973005701730314,0.9333641473804052,0.13633333333333333,1.9957011274360792,0.11,
0.9,0.8,0.0,6,cell_pooled,0.898872723861692,0.029588502780531132,0.8997583935953826,0.081,1.77824961256281,0.07,0.9011752950262252
0.9,0.8,0.0,6,donor_crc,1.0,0.0,1.0,0.0,6.0,0.0,
0.9,0.8,0.0,6,donor_weighted,0.8976956510115273,0.027971277928198163,0.8987951298873635,0.08033333333333333,1.7642912494899434,0.05,
0.9,0.8,0.0,12,cell_pooled,0.9025439902598832,0.022941374463920552,0.9023467018722998,0.078,1.8140268493929321,0.04,0.9009819660606879
0.9,0.8,0.0,12,donor_crc,0.9738650345613586,0.00937542666715621,0.9735956335801588,0.002,2.769135835549592,0.0,
0.9,0.8,0.0,12,donor_weighted,0.8992704058043911,0.021458662884538356,0.8991649155910718,0.08066666666666666,1.7870564032644551,0.03,
0.9,0.8,0.0,24,cell_pooled,0.9014391609030373,0.017274843266223958,0.9019930475861141,0.08,1.8070922757947077,0.0,0.8990488608419621
0.9,0.8,0.0,24,donor_crc,0.938185265484659,0.012776760348891846,0.9386020590230321,0.026000000000000002,2.1393132884462496,0.0,
0.9,0.8,0.0,24,donor_weighted,0.9006511637407,0.015645968446066135,0.90120539437804,0.08133333333333333,1.7984957947548512,0.0,
0.9,0.8,0.5,6,cell_pooled,0.9145540376186669,0.05330067761544906,0.868153224398399,0.11699999999999999,2.5697539443062367,0.11,0.9003578013683068
0.9,0.8,0.5,6,donor_crc,1.0,0.0,1.0,0.0,6.0,0.0,
0.9,0.8,0.5,6,donor_weighted,0.8931657440292342,0.048504336731938096,0.8406716594576258,0.155,2.1702941470019748,0.21,
0.9,0.8,0.5,12,cell_pooled,0.921658852224312,0.04491857016915612,0.8786463173186516,0.10533333333333333,2.824819138319615,0.08,0.9005704096805763
0.9,0.8,0.5,12,donor_crc,0.9662418011621959,0.022371956509891818,0.9378446884012854,0.03966666666666667,3.7576116856335005,0.0,
0.9,0.8,0.5,12,donor_weighted,0.8913850290623256,0.03995720922306727,0.8391757866103216,0.15133333333333332,2.3155387149963307,0.2,
0.9,0.8,0.5,24,cell_pooled,0.9358566820938887,0.036686437120878726,0.8947864397704233,0.08366666666666667,2.7749620345597714,0.0,0.8995544428415088
0.9,0.8,0.5,24,donor_crc,0.9355499585887128,0.028795900657481926,0.8930629953489884,0.08233333333333333,2.6228870658718835,0.0,
0.9,0.8,0.5,24,donor_weighted,0.8992978201542101,0.03410435832445093,0.8485906978993728,0.13466666666666666,2.146269536383541,0.09,
0.9,1.2,-0.5,6,cell_pooled,0.8409534783204227,0.05818649717574878,0.894532126723601,0.2833333333333333,2.2771065616837904,0.58,0.8989572287063781
0.9,1.2,-0.5,6,donor_crc,1.0,0.0,1.0,0.0,6.0,0.0,
0.9,1.2,-0.5,6,donor_weighted,0.8858941106767947,0.05836009846754004,0.9296671068325967,0.196,2.8257495249025486,0.26,
0.9,1.2,-0.5,12,cell_pooled,0.8379659507922974,0.042909183156405364,0.8953149990516792,0.2796666666666667,2.1926604691922065,0.58,0.9007914018147588
0.9,1.2,-0.5,12,donor_crc,0.9622261609449714,0.02863714116373704,0.9830495213639668,0.061,4.362758934755586,0.0,
0.9,1.2,-0.5,12,donor_weighted,0.8890244346522297,0.04470987217658615,0.9351347325876977,0.188,2.7900273356805667,0.21,
0.9,1.2,-0.5,24,cell_pooled,0.8453111463573971,0.042377913897397285,0.9018490607695233,0.2613333333333333,2.2816923874045942,0.53,0.8990997899359603
0.9,1.2,-0.5,24,donor_crc,0.9346423051097603,0.033654720889281266,0.9683048053125733,0.11133333333333333,3.6694486467170457,0.01,
0.9,1.2,-0.5,24,donor_weighted,0.8999521884301277,0.03991960321816164,0.9445861549267174,0.16333333333333333,2.973572800333522,0.13,
0.9,1.2,0.0,6,cell_pooled,0.8882789609563185,0.04781491054898243,0.8890540053228733,0.16899999999999998,2.4546475267330696,0.21,0.8997486976939771
0.9,1.2,0.0,6,donor_crc,1.0,0.0,1.0,0.0,6.0,0.0,
0.9,1.2,0.0,6,donor_weighted,0.890578773158332,0.04283164533994781,0.8913717878222442,0.16433333333333333,2.4615802274839833,0.16,
0.9,1.2,0.0,12,cell_pooled,0.8963514188589368,0.03626142309442875,0.8944574349638472,0.14166666666666666,2.4637534332563003,0.13,0.9002148241524078
0.9,1.2,0.0,12,donor_crc,0.9724201953600523,0.016813556814361797,0.9717499789681189,0.017333333333333333,3.6707440615428566,0.0,
0.9,1.2,0.0,12,donor_weighted,0.8978769513751317,0.03557397512012363,0.8962164421343782,0.14,2.4788138693780963,0.1,
0.9,1.2,0.0,24,cell_pooled,0.8978889274204911,0.02924152881311877,0.8983275745748321,0.13666666666666666,2.437364895300313,0.06,0.9011047393101427
0.9,1.2,0.0,24,donor_crc,0.9334491273032303,0.021871253569745484,0.9336804600040872,0.07033333333333333,2.865546253975792,0.0,
0.9,1.2,0.0,24,donor_weighted,0.8971527900503127,0.026760120412550516,0.8974368389680742,0.13833333333333334,2.424350445970822,0.05,
0.9,1.2,0.5,6,cell_pooled,0.9177642374354087,0.06022716582054819,0.869352709960056,0.13466666666666666,3.799720255840735,0.15,0.9032756920253631
0.9,1.2,0.5,6,donor_crc,1.0,0.0,1.0,0.0,6.0,0.0,
0.9,1.2,0.5,6,donor_weighted,0.8944677189475356,0.05994152614655341,0.8376393518415604,0.177,3.3492018925894014,0.26,
0.9,1.2,0.5,12,cell_pooled,0.9179504738187593,0.051817325701577384,0.8651924579085829,0.136,3.426897996732494,0.09,0.9013134879457719
0.9,1.2,0.5,12,donor_crc,0.9585629870531216,0.03232577386122496,0.9222723240394087,0.06666666666666667,4.271344172186752,0.0,
0.9,1.2,0.5,12,donor_weighted,0.8880364270022472,0.051126858810333256,0.8247839724463126,0.18733333333333335,2.8907667081312654,0.24,
0.9,1.2,0.5,24,cell_pooled,0.9415621392599702,0.03884825426514127,0.8979239965014381,0.091,3.8935489096686426,0.03,0.8996750305009933
0.9,1.2,0.5,24,donor_crc,0.9339434891073385,0.03537982182320654,0.8851413790318907,0.09966666666666667,3.640183773417887,0.03,
0.9,1.2,0.5,24,donor_weighted,0.8978580541227152,0.040395118418154206,0.8384265305523947,0.161,2.9933093980790373,0.12,
