embedding,rep,reference,calibration,target,method,donor_mean_coverage,cell_pooled_coverage,donor_min_coverage,donor_q10_coverage,frac_donors_poorly_covered,mean_set_size,frac_empty_sets,n_donors,n_cells,reported_random_split_coverage
emb_tf-sapiens,0,gingiva,oropharynx,oral_scc,cell_pooled,0.8863029553923758,0.8859712230215827,0.71,0.8073636363636364,0.1,0.9399281932234486,0.06079136690647482,10,2780,0.8942965779467681
emb_tf-sapiens,0,gingiva,oropharynx,oral_scc,donor_weighted,0.8835280940900798,0.8830935251798561,0.7033333333333334,0.8036666666666666,0.1,0.9361384706649121,0.06474820143884892,10,2780,
emb_tf-sapiens,0,gingiva,oropharynx,oral_scc,donor_crc,0.9739574753629199,0.9741007194244604,0.9225589225589226,0.9630351130351131,0.0,2.1261210469698666,0.0,10,2780,
emb_tf-sapiens,1,gingiva,oropharynx,oral_scc,cell_pooled,0.8195635777278374,0.8188692833993518,0.5633333333333334,0.6776019900497513,0.4,0.8680186210541772,0.1328772056175729,10,2777,0.8980988593155893
emb_tf-sapiens,1,gingiva,oropharynx,oral_scc,donor_weighted,0.8175031538371897,0.8167086784299604,0.5633333333333334,0.6742437810945273,0.4,0.8659581971635294,0.13503781058696435,10,2777,
emb_tf-sapiens,1,gingiva,oropharynx,oral_scc,donor_crc,0.9535885302790016,0.9539070939863161,0.8956228956228957,0.9257109382109382,0.0,1.448053008839638,0.0,10,2777,
emb_tf-sapiens,2,gingiva,oropharynx,oral_scc,cell_pooled,0.8753747110988961,0.8757204610951008,0.7,0.8155223880597015,0.1,0.9116877088062131,0.08789625360230548,10,2776,0.8768060836501901
emb_tf-sapiens,2,gingiva,oropharynx,oral_scc,donor_weighted,0.8732726241311376,0.8739193083573487,0.6966666666666667,0.8051144278606965,0.1,0.9092522885051212,0.09005763688760807,10,2776,
emb_tf-sapiens,2,gingiva,oropharynx,oral_scc,donor_crc,0.9780920996242667,0.978386167146974,0.9393939393939394,0.9635339885339885,0.0,1.8591934863038388,0.0,10,2776,
emb_tf-sapiens,3,gingiva,oropharynx,oral_scc,cell_pooled,0.8952419865582139,0.896551724137931,0.8080808080808081,0.8095394240916629,0.0,0.9263357433269388,0.07291666666666667,10,2784,0.905703422053232
emb_tf-sapiens,3,gingiva,oropharynx,oral_scc,donor_weighted,0.8948688522298556,0.8961925287356322,0.8059701492537313,0.8078697421981004,0.0,0.9259626089985804,0.07327586206896551,10,2784,
emb_tf-sapiens,3,gingiva,oropharynx,oral_scc,donor_crc,0.9726628568595057,0.9727011494252874,0.9259259259259259,0.9530655655655655,0.0,1.3683791986115637,0.0,10,2784,
emb_tf-sapiens,4,gingiva,oropharynx,oral_scc,cell_pooled,0.858249247039675,0.856936936936937,0.62,0.7840149253731343,0.1,0.9091201664999297,0.09081081081081081,10,2775,0.9049429657794676
emb_tf-sapiens,4,gingiva,oropharynx,oral_scc,donor_weighted,0.85583592542975,0.8544144144144145,0.6166666666666667,0.780323383084577,0.2,0.9053596226677827,0.09477477477477478,10,2775,
emb_tf-sapiens,4,gingiva,oropharynx,oral_scc,donor_crc,0.9774101703249368,0.9772972972972973,0.9427609427609428,0.9486679861679862,0.0,1.881458203807112,0.0,10,2775,
emb_tf-sapiens,5,gingiva,oropharynx,oral_scc,cell_pooled,0.8291112933219269,0.8290322580645161,0.6166666666666667,0.7668905472636817,0.2,0.8538780455967043,0.14623655913978495,10,2790,0.9072243346007605
emb_tf-sapiens,5,gingiva,oropharynx,oral_scc,donor_weighted,0.8283909367713465,0.8283154121863799,0.6166666666666667,0.7635323383084577,0.2,0.8531576890461239,0.14695340501792115,10,2790,
emb_tf-sapiens,5,gingiva,oropharynx,oral_scc,donor_crc,0.9665823275148494,0.967741935483871,0.9415584415584416,0.9455071955071955,0.0,1.2937517526051692,0.0,10,2790,
emb_tf-sapiens,6,gingiva,oropharynx,oral_scc,cell_pooled,0.8915047873887716,0.8910003585514521,0.75,0.8381756756756757,0.1,0.9270143816102092,0.07314449623520976,10,2789,0.8935361216730038
emb_tf-sapiens,6,gingiva,oropharynx,oral_scc,donor_weighted,0.8915047873887716,0.8910003585514521,0.75,0.8381756756756757,0.1,0.9270143816102092,0.07314449623520976,10,2789,
emb_tf-sapiens,6,gingiva,oropharynx,oral_scc,donor_crc,0.9845657136054939,0.9845822875582646,0.9628378378378378,0.9781629784146563,0.0,1.938657365649878,0.0,10,2789,
emb_tf-sapiens,7,gingiva,oropharynx,oral_scc,cell_pooled,0.8698535776031617,0.8704235463029433,0.66,0.7779402985074626,0.2,0.9037060852652186,0.09691313711414214,10,2786,0.9262357414448669
emb_tf-sapiens,7,gingiva,oropharynx,oral_scc,donor_weighted,0.8698535776031617,0.8704235463029433,0.66,0.7779402985074626,0.2,0.9037060852652186,0.09691313711414214,10,2786,
emb_tf-sapiens,7,gingiva,oropharynx,oral_scc,donor_crc,0.9777479114510165,0.9784637473079684,0.9562289562289562,0.9605579605579605,0.0,1.6753918608544702,0.0,10,2786,
emb_tf-sapiens,8,gingiva,oropharynx,oral_scc,cell_pooled,0.8804635784507215,0.8806275579809004,0.6766666666666666,0.7997562189054727,0.1,0.9222133918510652,0.07742155525238745,10,2932,0.9026615969581749
emb_tf-sapiens,8,gingiva,oropharynx,oral_scc,donor_weighted,0.8794237774556969,0.8796043656207367,0.67,0.7957313432835821,0.1,0.9201702388923731,0.07946793997271487,10,2932,
emb_tf-sapiens,8,gingiva,oropharynx,oral_scc,donor_crc,0.9806746904155611,0.9805593451568895,0.9528619528619529,0.9648807898807898,0.0,2.1137175602168603,0.0,10,2932,
emb_tf-sapiens,9,gingiva,oropharynx,oral_scc,cell_pooled,0.8493791670334293,0.8495511669658887,0.58,0.7430746268656716,0.3,0.8848596545362672,0.11526032315978456,10,2785,0.8973384030418251
emb_tf-sapiens,9,gingiva,oropharynx,oral_scc,donor_weighted,0.8493791670334293,0.8495511669658887,0.58,0.7430746268656716,0.3,0.8848596545362672,0.11526032315978456,10,2785,
emb_tf-sapiens,9,gingiva,oropharynx,oral_scc,donor_crc,0.9764352921811978,0.9766606822262118,0.9494949494949495,0.9645440895440895,0.0,1.751179089199987,0.0,10,2785,
emb_tf-sapiens,10,gingiva,oropharynx,oral_scc,cell_pooled,0.8622112405028759,0.863260165527168,0.6766666666666666,0.7661741293532338,0.2,0.9052434948656953,0.09499820079165168,10,2779,0.8980988593155893
emb_tf-sapiens,10,gingiva,oropharynx,oral_scc,donor_weighted,0.8622112405028759,0.863260165527168,0.6766666666666666,0.7661741293532338,0.2,0.9052434948656953,0.09499820079165168,10,2779,
emb_tf-sapiens,10,gingiva,oropharynx,oral_scc,donor_crc,0.9763323398006032,0.9773299748110831,0.9461279461279462,0.9537037037037037,0.0,2.1253810377955653,0.0,10,2779,
emb_tf-sapiens,11,gingiva,oropharynx,oral_scc,cell_pooled,0.8801066102864537,0.8810964756140975,0.68,0.8097241379310345,0.1,0.9163379353682876,0.08401566393734425,10,2809,0.8958174904942966
emb_tf-sapiens,11,gingiva,oropharynx,oral_scc,donor_weighted,0.8744000000825187,0.8750444998220007,0.66,0.8046206896551724,0.1,0.9096347522927799,0.09077963688145248,10,2809,
emb_tf-sapiens,11,gingiva,oropharynx,oral_scc,donor_crc,0.9581027444370308,0.9597721609113563,0.922077922077922,0.9283564408564409,0.0,1.1978235900073801,0.0,10,2809,
emb_tf-sapiens,12,gingiva,oropharynx,oral_scc,cell_pooled,0.9037905518570417,0.9059120403749099,0.8448275862068966,0.8602403343782654,0.0,0.9441696453319709,0.055155010814708,10,2774,0.8980988593155893
emb_tf-sapiens,12,gingiva,oropharynx,oral_scc,donor_weighted,0.9024003039441038,0.9044700793078587,0.8413793103448276,0.8598955067920585,0.0,0.9424426970823324,0.05695746214852199,10,2774,
emb_tf-sapiens,12,gingiva,oropharynx,oral_scc,donor_crc,0.978334659194817,0.9787310742609949,0.9528619528619529,0.9618402493402494,0.0,1.8360389798547387,0.0,10,2774,
emb_tf-sapiens,13,gingiva,oropharynx,oral_scc,cell_pooled,0.8424912163446688,0.8443328550932568,0.7276119402985075,0.7679336078229542,0.3,0.8751292021673193,0.12338593974175036,10,2788,0.8980988593155893
emb_tf-sapiens,13,gingiva,oropharynx,oral_scc,donor_weighted,0.8424912163446688,0.8443328550932568,0.7276119402985075,0.7679336078229542,0.3,0.8751292021673193,0.12338593974175036,10,2788,
emb_tf-sapiens,13,gingiva,oropharynx,oral_scc,donor_crc,0.9701841413918645,0.9705882352941176,0.936026936026936,0.957116207116207,0.0,1.8173816386628452,0.0,10,2788,
emb_tf-sapiens,14,gingiva,oropharynx,oral_scc,cell_pooled,0.8667882142514849,0.8664025927259633,0.6333333333333333,0.7316169154228855,0.2,0.8997785403889568,0.10082823190493338,10,2777,0.8920152091254753
emb_tf-sapiens,14,gingiva,oropharynx,oral_scc,donor_weighted,0.8657063751249698,0.8653222902412675,0.6333333333333333,0.7249004975124378,0.2,0.8976977002634406,0.1026287360460929,10,2777,
emb_tf-sapiens,14,gingiva,oropharynx,oral_scc,donor_crc,0.9729728149207165,0.973712639539071,0.9391891891891891,0.953009828009828,0.0,1.6194313052920855,0.0,10,2777,
emb_tf-sapiens,15,gingiva,oropharynx,oral_scc,cell_pooled,0.8375687830064333,0.8364553314121037,0.6666666666666666,0.7416666666666667,0.3,0.8670165773386177,0.13436599423631124,10,2776,0.9125475285171103
emb_tf-sapiens,15,gingiva,oropharynx,oral_scc,donor_weighted,0.8342090541684437,0.8328530259365994,0.6533333333333333,0.7403333333333333,0.3,0.8636568485006281,0.13796829971181557,10,2776,
emb_tf-sapiens,15,gingiva,oropharynx,oral_scc,donor_crc,0.9658475312425328,0.9661383285302594,0.9259259259259259,0.9409034034034034,0.0,1.3023142055823183,0.0,10,2776,
emb_tf-sapiens,16,gingiva,oropharynx,oral_scc,cell_pooled,0.8561794602084886,0.853491720662347,0.6433333333333333,0.7522121212121212,0.3,0.8880602159967635,0.11375089992800576,10,2778,0.9072243346007605
emb_tf-sapiens,16,gingiva,oropharynx,oral_scc,donor_weighted,0.8555094265384549,0.8527717782577394,0.64,0.7488484848484849,0.3,0.88739018232673,0.11447084233261338,10,2778,
emb_tf-sapiens,16,gingiva,oropharynx,oral_scc,donor_crc,0.9685639134056865,0.9679625629949604,0.9090909090909091,0.9361793611793612,0.0,1.3477439478739741,0.0,10,2778,
emb_tf-sapiens,17,gingiva,oropharynx,oral_scc,cell_pooled,0.8477066793038901,0.8463467048710601,0.6733333333333333,0.7430909090909091,0.3,0.8788463337368114,0.12213467048710602,10,2792,0.8904942965779468
emb_tf-sapiens,17,gingiva,oropharynx,oral_scc,donor_weighted,0.8477066793038901,0.8463467048710601,0.6733333333333333,0.7430909090909091,0.3,0.8788463337368114,0.12213467048710602,10,2792,
emb_tf-sapiens,17,gingiva,oropharynx,oral_scc,donor_crc,0.9625215276781329,0.96310888252149,0.9057239057239057,0.9438191438191438,0.0,1.2698798259539923,0.0,10,2792,
emb_tf-sapiens,18,gingiva,oropharynx,oral_scc,cell_pooled,0.9117794001256847,0.9131844380403458,0.8544776119402985,0.8763568521031208,0.0,0.9669547816097148,0.03314121037463977,10,2776,0.9003802281368821
emb_tf-sapiens,18,gingiva,oropharynx,oral_scc,donor_weighted,0.908607120988596,0.909942363112392,0.8432835820895522,0.8752374491180461,0.0,0.9614233396799786,0.03854466858789626,10,2776,
emb_tf-sapiens,18,gingiva,oropharynx,oral_scc,donor_crc,0.9716182060769473,0.9715417867435159,0.9459459459459459,0.9461097461097462,0.0,1.668486746507839,0.0,10,2776,
emb_tf-sapiens,19,gingiva,oropharynx,oral_scc,cell_pooled,0.8858849279875562,0.8840475333093266,0.7033333333333334,0.830939393939394,0.1,0.9219455939540013,0.07922218221101908,10,2777,0.905703422053232
emb_tf-sapiens,19,gingiva,oropharynx,oral_scc,donor_weighted,0.8851784603258649,0.8833273316528628,0.7,0.8289552238805971,0.1,0.9212391262923096,0.0799423838674829,10,2777,
emb_tf-sapiens,19,gingiva,oropharynx,oral_scc,donor_crc,0.978117002390892,0.9776737486496219,0.936026936026936,0.9601567476567476,0.0,1.873300165688288,0.0,10,2777,
emb_tf-sapiens,20,gingiva,oropharynx,oral_scc,cell_pooled,0.9038890582094952,0.9034552845528455,0.77,0.8497272727272727,0.1,0.968964281098528,0.03116531165311653,10,2952,0.8752851711026616
emb_tf-sapiens,20,gingiva,oropharynx,oral_scc,donor_weighted,0.9018890582094953,0.9014227642276422,0.7566666666666667,0.8483939393939394,0.1,0.9635849567675093,0.036585365853658534,10,2952,
emb_tf-sapiens,20,gingiva,oropharynx,oral_scc,donor_crc,0.979084742269686,0.9789972899728997,0.9528619528619529,0.9557591682591682,0.0,1.9733665600075205,0.0,10,2952,
emb_tf-sapiens,21,gingiva,oropharynx,oral_scc,cell_pooled,0.8779214544084283,0.8807207207207207,0.7649253731343284,0.8303886412095367,0.1,0.9025814177610763,0.09477477477477478,10,2775,0.8988593155893536
emb_tf-sapiens,21,gingiva,oropharynx,oral_scc,donor_weighted,0.877584754071728,0.8803603603603604,0.7649253731343284,0.8303886412095367,0.1,0.9022447174243758,0.09513513513513513,10,2775,
emb_tf-sapiens,21,gingiva,oropharynx,oral_scc,donor_crc,0.9683124600471074,0.9697297297297297,0.935064935064935,0.935930735930736,0.0,1.2841205372990083,0.0,10,2775,
emb_tf-sapiens,22,gingiva,oropharynx,oral_scc,cell_pooled,0.8719798401648188,0.8723021582733813,0.6533333333333333,0.7907064676616915,0.1,0.9191013386459395,0.08093525179856115,10,2780,0.8836501901140684
emb_tf-sapiens,22,gingiva,oropharynx,oral_scc,donor_weighted,0.8696537368784002,0.8701438848920864,0.65,0.7903731343283582,0.1,0.916775235359521,0.08309352517985612,10,2780,
emb_tf-sapiens,22,gingiva,oropharynx,oral_scc,donor_crc,0.9773759217071019,0.9776978417266187,0.9259259259259259,0.9633718133718134,0.0,2.178302992812211,0.0,10,2780,
emb_tf-sapiens,23,gingiva,oropharynx,oral_scc,cell_pooled,0.8562817316772492,0.8555475504322767,0.6233333333333333,0.7608407960199005,0.2,0.8926318128098651,0.10806916426512968,10,2776,0.9247148288973384
emb_tf-sapiens,23,gingiva,oropharynx,oral_scc,donor_weighted,0.855948398343916,0.8551873198847262,0.62,0.7605074626865672,0.2,0.8922984794765318,0.10842939481268012,10,2776,
emb_tf-sapiens,23,gingiva,oropharynx,oral_scc,donor_crc,0.9783620916663447,0.9787463976945245,0.9494949494949495,0.9584630084630085,0.0,1.7726433075199275,0.0,10,2776,
emb_tf-sapiens,24,gingiva,oropharynx,oral_scc,cell_pooled,0.8762019865383268,0.8754448398576512,0.7133333333333334,0.7713333333333333,0.2,0.9010985153829252,0.09928825622775801,10,2810,0.9019011406844106
emb_tf-sapiens,24,gingiva,oropharynx,oral_scc,donor_weighted,0.8698493319740452,0.8693950177935943,0.69,0.769,0.2,0.8943986385964214,0.10569395017793594,10,2810,
emb_tf-sapiens,24,gingiva,oropharynx,oral_scc,donor_crc,0.9761541690903277,0.9761565836298932,0.9225589225589226,0.9688792688792689,0.0,1.3931340793387472,0.0,10,2810,
emb_tf-sapiens,25,gingiva,oropharynx,oral_scc,cell_pooled,0.8687306387580588,0.8696120689655172,0.7388059701492538,0.7738805970149254,0.2,0.895150458636586,0.10416666666666667,10,2784,0.8950570342205323
emb_tf-sapiens,25,gingiva,oropharynx,oral_scc,donor_weighted,0.8636083267918142,0.8645833333333334,0.7276119402985075,0.7697308909995477,0.2,0.8900281466703417,0.10919540229885058,10,2784,
emb_tf-sapiens,25,gingiva,oropharynx,oral_scc,donor_crc,0.9729706531410824,0.9734195402298851,0.9326599326599326,0.9537389662389661,0.0,1.3561975355526394,0.0,10,2784,
emb_tf-sapiens,26,gingiva,oropharynx,oral_scc,cell_pooled,0.8481803081371666,0.8464864864864865,0.5966666666666667,0.7748181818181819,0.2,0.894024386515669,0.10702702702702703,10,2775,0.9079847908745247
emb_tf-sapiens,26,gingiva,oropharynx,oral_scc,donor_weighted,0.847168813884293,0.8454054054054054,0.59,0.7741515151515151,0.2,0.8930128922627956,0.10810810810810811,10,2775,
emb_tf-sapiens,26,gingiva,oropharynx,oral_scc,donor_crc,0.9658486049480588,0.9661261261261261,0.9158249158249159,0.9459743834743835,0.0,1.5508347893105037,0.0,10,2775,
emb_tf-sapiens,27,gingiva,oropharynx,oral_scc,cell_pooled,0.8556794210764821,0.8532763532763533,0.6533333333333333,0.7835151515151515,0.2,0.8828712439784718,0.11965811965811966,10,2808,0.9140684410646388
emb_tf-sapiens,27,gingiva,oropharynx,oral_scc,donor_weighted,0.8543600367570979,0.8522079772079773,0.65,0.7801515151515152,0.2,0.8815518596590876,0.12072649572649573,10,2808,
emb_tf-sapiens,27,gingiva,oropharynx,oral_scc,donor_crc,0.9740926137177622,0.9740028490028491,0.936026936026936,0.9510351260351261,0.0,1.5189535581309903,0.0,10,2808,
emb_tf-sapiens,28,gingiva,oropharynx,oral_scc,cell_pooled,0.8646036939340837,0.8657407407407407,0.78,0.7901212121212121,0.2,0.910858486832133,0.08974358974358974,10,2808,0.8859315589353612
emb_tf-sapiens,28,gingiva,oropharynx,oral_scc,donor_weighted,0.8646036939340837,0.8657407407407407,0.78,0.7901212121212121,0.2,0.910858486832133,0.08974358974358974,10,2808,
emb_tf-sapiens,28,gingiva,oropharynx,oral_scc,donor_crc,0.9748530451205317,0.9757834757834758,0.936026936026936,0.9510351260351261,0.0,2.2820305800498213,0.0,10,2808,
emb_tf-sapiens,29,gingiva,oropharynx,oral_scc,cell_pooled,0.85879918921288,0.8581687612208259,0.6066666666666667,0.7255920398009951,0.2,0.8888706418870072,0.11166965888689408,10,2785,0.9125475285171103
emb_tf-sapiens,29,gingiva,oropharynx,oral_scc,donor_weighted,0.8557106084453953,0.8549371633752244,0.5966666666666667,0.7178756218905473,0.2,0.8854453607828219,0.11526032315978456,10,2785,
emb_tf-sapiens,29,gingiva,oropharynx,oral_scc,donor_crc,0.9732782877927498,0.9730700179533214,0.9493243243243243,0.949477886977887,0.0,1.4924233781497507,0.0,10,2785,
emb_tf-sapiens,30,gingiva,oropharynx,oral_scc,cell_pooled,0.9048416817624843,0.9055855855855856,0.8395522388059702,0.8415309814563546,0.0,0.9537522038792284,0.046486486486486484,10,2775,0.9140684410646388
emb_tf-sapiens,30,gingiva,oropharynx,oral_scc,donor_weighted,0.9034114905468453,0.9041441441441441,0.832089552238806,0.8377544097693351,0.0,0.9509786009174931,0.04936936936936937,10,2775,
emb_tf-sapiens,30,gingiva,oropharynx,oral_scc,donor_crc,0.9700711028787685,0.9697297297297297,0.9259259259259259,0.943943943943944,0.0,1.7440454336282805,0.0,10,2775,
emb_tf-sapiens,31,gingiva,oropharynx,oral_scc,cell_pooled,0.8752286467986246,0.8768898488120951,0.7723880597014925,0.7972388059701493,0.1,0.9055801406486056,0.09251259899208063,10,2778,0.9125475285171103
emb_tf-sapiens,31,gingiva,oropharynx,oral_scc,donor_weighted,0.8738101073354091,0.8754499640028798,0.7649253731343284,0.794674355495251,0.2,0.9034915825550565,0.09467242620590353,10,2778,
emb_tf-sapiens,31,gingiva,oropharynx,oral_scc,donor_crc,0.9692003618469205,0.9694024478041756,0.9259259259259259,0.9553512132822478,0.0,1.4145674169735492,0.0,10,2778,
emb_tf-sapiens,32,gingiva,oropharynx,oral_scc,cell_pooled,0.8224704157827206,0.8218884120171673,0.53,0.6809850746268656,0.3,0.8692099922832341,0.13054363376251787,10,2796,0.9133079847908745
emb_tf-sapiens,32,gingiva,oropharynx,oral_scc,donor_weighted,0.8211303634823531,0.8204577968526466,0.5266666666666666,0.6806517412935323,0.3,0.8672021584889983,0.132689556509299,10,2796,
emb_tf-sapiens,32,gingiva,oropharynx,oral_scc,donor_crc,0.9726816296325158,0.9728183118741058,0.9259259259259259,0.9561061061061061,0.0,1.9865618361903088,0.0,10,2796,
emb_tf-sapiens,33,gingiva,oropharynx,oral_scc,cell_pooled,0.92062442184756,0.9207778177889809,0.8716216216216216,0.8763412666397742,0.0,0.983154549734615,0.01692473892689953,10,2777,0.9155893536121673
emb_tf-sapiens,33,gingiva,oropharynx,oral_scc,donor_weighted,0.9199462609280198,0.9200576161325171,0.8716216216216216,0.8763412666397742,0.0,0.9807295342955301,0.019445444724522868,10,2777,
emb_tf-sapiens,33,gingiva,oropharynx,oral_scc,donor_crc,0.9817725304152282,0.9816348577601729,0.9594594594594594,0.965945945945946,0.0,1.8585823803334645,0.0,10,2777,
emb_tf-sapiens,34,gingiva,oropharynx,oral_scc,cell_pooled,0.8694789894552987,0.8688760806916427,0.7133333333333334,0.8016363636363636,0.1,0.9128828163216154,0.08753602305475504,10,2776,0.8973384030418251
emb_tf-sapiens,34,gingiva,oropharynx,oral_scc,donor_weighted,0.8681047402997386,0.8674351585014409,0.7066666666666667,0.800969696969697,0.1,0.9111354328376973,0.0893371757925072,10,2776,
emb_tf-sapiens,34,gingiva,oropharynx,oral_scc,donor_crc,0.9736639462746147,0.9740634005763689,0.936026936026936,0.9540756665756666,0.0,2.0230013866896654,0.0,10,2776,
emb_tf-sapiens,35,gingiva,oropharynx,oral_scc,cell_pooled,0.8694915378710171,0.8691891891891892,0.7033333333333334,0.7763939393939394,0.2,0.9219352400044076,0.07963963963963964,10,2775,0.8836501901140684
emb_tf-sapiens,35,gingiva,oropharynx,oral_scc,donor_weighted,0.8691184035426588,0.8688288288288288,0.7033333333333334,0.7763939393939394,0.2,0.9212242678382117,0.08036036036036036,10,2775,
emb_tf-sapiens,35,gingiva,oropharynx,oral_scc,donor_crc,0.9715377418976392,0.9715315315315315,0.9158249158249159,0.9550960050960051,0.0,1.8884275753350823,0.0,10,2775,
emb_tf-sapiens,36,gingiva,oropharynx,oral_scc,cell_pooled,0.837587644070315,0.8356756756756757,0.56,0.765090909090909,0.3,0.8884056894418484,0.11315315315315315,10,2775,0.8935361216730038
emb_tf-sapiens,36,gingiva,oropharynx,oral_scc,donor_weighted,0.8372520736005165,0.8353153153153153,0.56,0.765090909090909,0.3,0.8880701189720497,0.11351351351351352,10,2775,
emb_tf-sapiens,36,gingiva,oropharynx,oral_scc,donor_crc,0.9693193137844393,0.9697297297297297,0.9292929292929293,0.9503617253617254,0.0,1.8527901595497884,0.0,10,2775,
emb_tf-sapiens,37,gingiva,oropharynx,oral_scc,cell_pooled,0.9043757182757165,0.9063737846597048,0.7873134328358209,0.8421796191456511,0.1,0.9389089997202167,0.060857039971191934,10,2777,0.9003802281368821
emb_tf-sapiens,37,gingiva,oropharynx,oral_scc,donor_weighted,0.9040025839473582,0.9060136838314728,0.7835820895522388,0.8418064848172929,0.1,0.9378565896451164,0.061937342455887646,10,2777,
emb_tf-sapiens,37,gingiva,oropharynx,oral_scc,donor_crc,0.98143248119069,0.9823550594166367,0.961038961038961,0.9626579501579502,0.0,1.5903286214364238,0.0,10,2777,
emb_tf-sapiens,38,gingiva,oropharynx,oral_scc,cell_pooled,0.8292138288687492,0.8289709573323772,0.58,0.7195671641791045,0.2,0.8664564847878629,0.13445679455001794,10,2789,0.8851711026615969
emb_tf-sapiens,38,gingiva,oropharynx,oral_scc,donor_weighted,0.8282138288687492,0.827895302975977,0.5733333333333334,0.7189004975124378,0.2,0.8654564847878629,0.13553244890641808,10,2789,
emb_tf-sapiens,38,gingiva,oropharynx,oral_scc,donor_crc,0.9611743100230067,0.9619935460738616,0.9415584415584416,0.9517316017316018,0.0,1.5251976327778705,0.0,10,2789,
emb_tf-sapiens,39,gingiva,oropharynx,oral_scc,cell_pooled,0.8939723378909947,0.8948681397006415,0.8249158249158249,0.8304226169743412,0.0,0.9215559355764646,0.07769066286528867,10,2806,0.8920152091254753
emb_tf-sapiens,39,gingiva,oropharynx,oral_scc,donor_weighted,0.8936251156687725,0.894511760513186,0.8249158249158249,0.8304226169743412,0.0,0.9212087133542426,0.07804704205274413,10,2806,
emb_tf-sapiens,39,gingiva,oropharynx,oral_scc,donor_crc,0.9711063196571319,0.9711332858161084,0.936026936026936,0.944954044954045,0.0,1.4258235837677844,0.0,10,2806,
emb_tf-sapiens,40,gingiva,oropharynx,oral_scc,cell_pooled,0.8293954656551774,0.8283154121863799,0.5533333333333333,0.7135422885572139,0.4,0.8632711335013044,0.13727598566308244,10,2790,0.8973384030418251
emb_tf-sapiens,40,gingiva,oropharynx,oral_scc,donor_weighted,0.8290506380689704,0.8279569892473119,0.5533333333333333,0.7135422885572139,0.4,0.8629263059150976,0.13763440860215054,10,2790,
emb_tf-sapiens,40,gingiva,oropharynx,oral_scc,donor_crc,0.9720558744021703,0.9716845878136201,0.9090909090909091,0.9576876143990238,0.0,1.7793000275353186,0.0,10,2790,
emb_tf-sapiens,41,gingiva,oropharynx,oral_scc,cell_pooled,0.8714260899930537,0.8708904109589041,0.73,0.7881515151515152,0.2,0.8962302686237311,0.10410958904109589,10,2920,0.8866920152091254
emb_tf-sapiens,41,gingiva,oropharynx,oral_scc,donor_weighted,0.8707549414958182,0.8702054794520548,0.73,0.7851212121212121,0.2,0.8952235496566969,0.10513698630136986,10,2920,
emb_tf-sapiens,41,gingiva,oropharynx,oral_scc,donor_crc,0.9765266240353435,0.9763698630136987,0.9292929292929293,0.9503617253617254,0.0,1.377143554614053,0.0,10,2920,
emb_tf-sapiens,42,gingiva,oropharynx,oral_scc,cell_pooled,0.9017146551400683,0.9034929780338494,0.8059701492537313,0.8378383942357179,0.0,0.9370319369099619,0.062297443284119555,10,2777,0.9193916349809886
emb_tf-sapiens,42,gingiva,oropharynx,oral_scc,donor_weighted,0.901041246832432,0.9027727763773856,0.8059701492537313,0.8378383942357179,0.0,0.9363585286023255,0.06301764494058336,10,2777,
emb_tf-sapiens,42,gingiva,oropharynx,oral_scc,donor_crc,0.9814580849819734,0.9819949585884048,0.9662162162162162,0.9674008424008425,0.0,1.7301133736333913,0.0,10,2777,
emb_tf-sapiens,43,gingiva,oropharynx,oral_scc,cell_pooled,0.9012569239699649,0.9016216216216216,0.8208955223880597,0.8366350067842605,0.0,0.9362223084156616,0.06306306306306306,10,2775,0.9140684410646388
emb_tf-sapiens,43,gingiva,oropharynx,oral_scc,donor_weighted,0.9001917398331777,0.9005405405405406,0.8171641791044776,0.8362618724559022,0.0,0.9341388883850309,0.06522522522522523,10,2775,
emb_tf-sapiens,43,gingiva,oropharynx,oral_scc,donor_crc,0.9712543855707215,0.9715315315315315,0.936026936026936,0.9388729638729638,0.0,1.464765539939012,0.0,10,2775,
emb_tf-sapiens,44,gingiva,oropharynx,oral_scc,cell_pooled,0.883633369126783,0.8841463414634146,0.6833333333333333,0.7869900497512438,0.2,0.9125831091984411,0.08787661406025825,10,2788,0.9110266159695818
emb_tf-sapiens,44,gingiva,oropharynx,oral_scc,donor_weighted,0.881959983493082,0.8823529411764706,0.6766666666666666,0.786323383084577,0.2,0.9102430568980738,0.09038737446197992,10,2788,
emb_tf-sapiens,44,gingiva,oropharynx,oral_scc,donor_crc,0.9855143453373592,0.9860114777618364,0.9629629629629629,0.972919672919673,0.0,1.6837749742747103,0.0,10,2788,
emb_tf-sapiens,45,gingiva,oropharynx,oral_scc,cell_pooled,0.8279922334727916,0.8285302593659942,0.6333333333333333,0.7517661691542289,0.3,0.8735198552712878,0.12644092219020173,10,2776,0.8851711026615969
emb_tf-sapiens,45,gingiva,oropharynx,oral_scc,donor_weighted,0.8276589001394582,0.8281700288184438,0.63,0.7514328358208956,0.3,0.8728416943517476,0.1271613832853026,10,2776,
emb_tf-sapiens,45,gingiva,oropharynx,oral_scc,donor_crc,0.974585008004772,0.9751440922190202,0.9494949494949495,0.9523819273819274,0.0,2.2376835085274633,0.0,10,2776,
emb_tf-sapiens,46,gingiva,oropharynx,oral_scc,cell_pooled,0.8418847899947943,0.8422758372344257,0.5866666666666667,0.6900099502487562,0.2,0.8771972132706676,0.12351458408354339,10,2777,0.911787072243346
emb_tf-sapiens,46,gingiva,oropharynx,oral_scc,donor_weighted,0.8408802854902898,0.84119553474973,0.58,0.6893432835820896,0.2,0.8755433581168124,0.12495498739647101,10,2777,
emb_tf-sapiens,46,gingiva,oropharynx,oral_scc,donor_crc,0.968850805726236,0.9708318329132157,0.9285714285714286,0.9502895752895754,0.0,1.6142021251585816,0.0,10,2777,
emb_tf-sapiens,47,gingiva,oropharynx,oral_scc,cell_pooled,0.901034949734186,0.9014742898238044,0.77,0.8527462686567164,0.1,0.921683706353752,0.07802948579647609,10,2781,0.9209125475285171
emb_tf-sapiens,47,gingiva,oropharynx,oral_scc,donor_weighted,0.9003284820724945,0.9007551240560949,0.7666666666666667,0.8490547263681593,0.1,0.9206416682222619,0.07910823444804027,10,2781,
emb_tf-sapiens,47,gingiva,oropharynx,oral_scc,donor_crc,0.982112364682244,0.9823804386911184,0.9666666666666667,0.9732900432900433,0.0,1.4247538812360339,0.0,10,2781,
emb_tf-sapiens,48,gingiva,oropharynx,oral_scc,cell_pooled,0.8428009634592195,0.8450502152080345,0.6492537313432836,0.7679556761646313,0.3,0.879838213505761,0.11764705882352941,10,2788,0.9072243346007605
emb_tf-sapiens,48,gingiva,oropharynx,oral_scc,donor_weighted,0.8410751602683568,0.8432568149210904,0.6455223880597015,0.7645522388059701,0.3,0.8781124103148983,0.11944045911047346,10,2788,
emb_tf-sapiens,48,gingiva,oropharynx,oral_scc,donor_crc,0.9557910423334329,0.956599713055954,0.9290540540540541,0.934463846963847,0.0,1.3753762954367326,0.0,10,2788,
emb_tf-sapiens,49,gingiva,oropharynx,oral_scc,cell_pooled,0.9013463295678606,0.9017216642754663,0.82,0.8543880597014926,0.0,0.9484250056935342,0.05272596843615495,10,2788,0.9163498098859315
emb_tf-sapiens,49,gingiva,oropharynx,oral_scc,donor_weighted,0.8993216074536864,0.8999282639885222,0.8133333333333334,0.850363184079602,0.0,0.9457291124081888,0.055236728837876614,10,2788,
emb_tf-sapiens,49,gingiva,oropharynx,oral_scc,donor_crc,0.9733929927846285,0.9741750358680057,0.936026936026936,0.9526936026936027,0.0,1.7651350809927617,0.0,10,2788,
emb_tf-sapiens,50,gingiva,oropharynx,oral_scc,cell_pooled,0.8813536014576148,0.8797696184305256,0.6833333333333333,0.7925757575757576,0.1,0.9222528984048122,0.07955363570914327,10,2778,0.9064638783269962
emb_tf-sapiens,50,gingiva,oropharynx,oral_scc,donor_weighted,0.8771186206652037,0.8758099352051836,0.6833333333333333,0.7895454545454546,0.1,0.9169996893527937,0.08459323254139668,10,2778,
emb_tf-sapiens,50,gingiva,oropharynx,oral_scc,donor_crc,0.9774027373560454,0.9769618430525558,0.9393939393939394,0.9452907452907453,0.0,2.020902673428773,0.0,10,2778,
emb_tf-sapiens,51,gingiva,oropharynx,oral_scc,cell_pooled,0.8841551561841374,0.8839857651245552,0.7033333333333334,0.8188181818181818,0.1,0.914716788937785,0.08540925266903915,10,2810,0.8950570342205323
emb_tf-sapiens,51,gingiva,oropharynx,oral_scc,donor_weighted,0.8835058055347869,0.8836298932384342,0.7033333333333334,0.8188181818181818,0.1,0.9140674382884344,0.08576512455516014,10,2810,
emb_tf-sapiens,51,gingiva,oropharynx,oral_scc,donor_crc,0.9731290487678514,0.9733096085409253,0.9326599326599326,0.9630646509841141,0.0,1.6381328444288659,0.0,10,2810,
emb_tf-sapiens,52,gingiva,oropharynx,oral_scc,cell_pooled,0.8538431707908589,0.8531845987765383,0.6266666666666667,0.783878787878788,0.1,0.8775548840693992,0.12342569269521411,10,2779,0.8965779467680608
emb_tf-sapiens,52,gingiva,oropharynx,oral_scc,donor_weighted,0.8482342825663993,0.8474271320618928,0.6233333333333333,0.7675572139303483,0.3,0.8712793291782729,0.12990284274919037,10,2779,
emb_tf-sapiens,52,gingiva,oropharynx,oral_scc,donor_crc,0.9806867504950734,0.9809283915077366,0.9494949494949495,0.9715728715728715,0.0,1.442353670214994,0.0,10,2779,
emb_tf-sapiens,53,gingiva,oropharynx,oral_scc,cell_pooled,0.8666246023311605,0.8678977272727273,0.5833333333333334,0.8005411255411256,0.1,0.8960982439089749,0.10333806818181818,10,2816,0.8973384030418251
emb_tf-sapiens,53,gingiva,oropharynx,oral_scc,donor_weighted,0.8656212353277934,0.8668323863636364,0.58,0.8002077922077923,0.1,0.8947615435722746,0.10475852272727272,10,2816,
emb_tf-sapiens,53,gingiva,oropharynx,oral_scc,donor_crc,0.9765720185134761,0.9772727272727273,0.9562289562289562,0.9605579605579605,0.0,1.5416499717768686,0.0,10,2816,
emb_tf-sapiens,54,gingiva,oropharynx,oral_scc,cell_pooled,0.8628200717310222,0.863260165527168,0.6766666666666666,0.7695323383084577,0.2,0.8960289016259255,0.1043540842029507,10,2779,0.9041825095057034
emb_tf-sapiens,54,gingiva,oropharynx,oral_scc,donor_weighted,0.8611259120541039,0.8614609571788413,0.67,0.768865671641791,0.2,0.8936565810294669,0.10687297589060814,10,2779,
emb_tf-sapiens,54,gingiva,oropharynx,oral_scc,donor_crc,0.9728819920595229,0.9737315581144297,0.9493243243243243,0.9540233415233416,0.0,1.5514960291269368,0.0,10,2779,
emb_tf-sapiens,55,gingiva,oropharynx,oral_scc,cell_pooled,0.8306082807935281,0.830653438248375,0.5533333333333333,0.7169004975124378,0.3,0.8472602997899917,0.152582962709545,10,2923,0.9049429657794676
emb_tf-sapiens,55,gingiva,oropharynx,oral_scc,donor_weighted,0.8285196697944693,0.8286007526513856,0.55,0.7098507462686567,0.3,0.845171688790933,0.1546356483065344,10,2923,
emb_tf-sapiens,55,gingiva,oropharynx,oral_scc,donor_crc,0.9747223796783947,0.9746835443037974,0.9566666666666667,0.9622207207207207,0.0,1.2832419375960857,0.0,10,2923,
emb_tf-sapiens,56,gingiva,oropharynx,oral_scc,cell_pooled,0.9098168101036173,0.910192444761226,0.8451178451178452,0.8537685412685413,0.0,0.9424716912145295,0.05630791161796151,10,2806,0.8783269961977186
emb_tf-sapiens,56,gingiva,oropharynx,oral_scc,donor_weighted,0.9091456691640201,0.909479686386315,0.8451178451178452,0.8537685412685413,0.0,0.941122389355392,0.05773342836778332,10,2806,
emb_tf-sapiens,56,gingiva,oropharynx,oral_scc,donor_crc,0.9765049114312344,0.9768353528153956,0.9461279461279462,0.9520452270452271,0.0,1.6366007983160564,0.0,10,2806,
emb_tf-sapiens,57,gingiva,oropharynx,oral_scc,cell_pooled,0.8954107763775202,0.895893371757925,0.8171641791044776,0.8180800542740841,0.0,0.9457269705163235,0.05511527377521614,10,2776,0.9133079847908745
emb_tf-sapiens,57,gingiva,oropharynx,oral_scc,donor_weighted,0.8861813086897945,0.8868876080691642,0.8022388059701493,0.8105269109000452,0.0,0.9334455434458071,0.0670028818443804,10,2776,
emb_tf-sapiens,57,gingiva,oropharynx,oral_scc,donor_crc,0.9766658770331125,0.9762247838616714,0.9191919191919192,0.9463110838110839,0.0,1.7865181595127648,0.0,10,2776,
emb_tf-sapiens,58,gingiva,oropharynx,oral_scc,cell_pooled,0.8689873781863433,0.8682249322493225,0.62,0.7862424242424243,0.1,0.906744676614292,0.09383468834688347,10,2952,0.8965779467680608
emb_tf-sapiens,58,gingiva,oropharynx,oral_scc,donor_weighted,0.8679851410498781,0.8672086720867209,0.6166666666666667,0.7859090909090909,0.1,0.904728708088488,0.09586720867208672,10,2952,
emb_tf-sapiens,58,gingiva,oropharynx,oral_scc,donor_crc,0.9659282602951302,0.9657859078590786,0.9191919191919192,0.9341489216489217,0.0,1.5241171097434631,0.0,10,2952,
emb_tf-sapiens,59,gingiva,oropharynx,oral_scc,cell_pooled,0.8998460074045264,0.8981648074847067,0.6833333333333333,0.837363184079602,0.1,0.9403327240844688,0.061892767182439724,10,2779,0.8798479087452471
emb_tf-sapiens,59,gingiva,oropharynx,oral_scc,donor_weighted,0.8984613788232945,0.8967254408060453,0.6766666666666666,0.8333383084577115,0.1,0.9386147621699037,0.06369197553076646,10,2779,
emb_tf-sapiens,59,gingiva,oropharynx,oral_scc,donor_crc,0.9824078595480351,0.9827275998560633,0.956081081081081,0.9722314847314847,0.0,1.909656568783858,0.0,10,2779,
emb_tf-exemplar-human,0,gingiva,oropharynx,oral_scc,cell_pooled,0.926078230158095,0.9251798561151079,0.8366666666666667,0.8745757575757576,0.0,0.9731143494895909,0.027697841726618704,10,2780,0.9049429657794676
emb_tf-exemplar-human,0,gingiva,oropharynx,oral_scc,donor_weighted,0.9243319615013785,0.9233812949640288,0.83,0.8739090909090909,0.0,0.96968304344675,0.031294964028776975,10,2780,
emb_tf-exemplar-human,0,gingiva,oropharynx,oral_scc,donor_crc,0.9810190544172432,0.981294964028777,0.9528619528619529,0.971909571909572,0.0,1.8012340083691725,0.0,10,2780,
emb_tf-exemplar-human,1,gingiva,oropharynx,oral_scc,cell_pooled,0.8661651993123464,0.8638818869283399,0.6566666666666666,0.7838484848484849,0.2,0.8997902345405718,0.1019085343896291,10,2777,0.8950570342205323
emb_tf-exemplar-human,1,gingiva,oropharynx,oral_scc,donor_weighted,0.8634421287309098,0.8610010803024847,0.6533333333333333,0.7804848484848486,0.2,0.8960799754719465,0.10550954267194815,10,2777,
emb_tf-exemplar-human,1,gingiva,oropharynx,oral_scc,donor_crc,0.9769067284217401,0.9769535469931581,0.9259259259259259,0.9621871871871872,0.0,1.795421419362362,0.0,10,2777,
emb_tf-exemplar-human,2,gingiva,oropharynx,oral_scc,cell_pooled,0.8807798199423933,0.8782420749279539,0.72,0.8265454545454545,0.1,0.9157406155853364,0.08645533141210375,10,2776,0.9003802281368821
emb_tf-exemplar-human,2,gingiva,oropharynx,oral_scc,donor_weighted,0.8801016590228532,0.877521613832853,0.7166666666666667,0.8262121212121212,0.1,0.915062454665796,0.08717579250720461,10,2776,
emb_tf-exemplar-human,2,gingiva,oropharynx,oral_scc,donor_crc,0.9777360261550966,0.9776657060518732,0.9393939393939394,0.9635339885339885,0.0,1.6908951815751923,0.0,10,2776,
emb_tf-exemplar-human,3,gingiva,oropharynx,oral_scc,cell_pooled,0.8837707754448683,0.8854166666666666,0.7761194029850746,0.7957937584803256,0.2,0.9119533950459997,0.08584770114942529,10,2784,0.9079847908745247
emb_tf-exemplar-human,3,gingiva,oropharynx,oral_scc,donor_weighted,0.8831007417748346,0.884698275862069,0.7761194029850746,0.7927634554500227,0.2,0.911283361375966,0.08656609195402298,10,2784,
emb_tf-exemplar-human,3,gingiva,oropharynx,oral_scc,donor_crc,0.9699422115494084,0.9701867816091954,0.9191919191919192,0.9371894621894622,0.0,1.242386820739952,0.0,10,2784,
emb_tf-exemplar-human,4,gingiva,oropharynx,oral_scc,cell_pooled,0.8986456581329602,0.8972972972972973,0.7533333333333333,0.8541212121212121,0.1,0.9367563390829272,0.06342342342342343,10,2775,0.9064638783269962
emb_tf-exemplar-human,4,gingiva,oropharynx,oral_scc,donor_weighted,0.8983089577962599,0.896936936936937,0.7533333333333333,0.851090909090909,0.1,0.9364196387462268,0.06378378378378378,10,2775,
emb_tf-exemplar-human,4,gingiva,oropharynx,oral_scc,donor_crc,0.9835177414948829,0.9837837837837838,0.9562289562289562,0.9722462722462722,0.0,1.8310612226504959,0.0,10,2775,
emb_tf-exemplar-human,5,gingiva,oropharynx,oral_scc,cell_pooled,0.839730183259132,0.8390681003584229,0.5833333333333334,0.7795454545454545,0.1,0.8817015404018325,0.11899641577060932,10,2790,0.9095057034220533
emb_tf-exemplar-human,5,gingiva,oropharynx,oral_scc,donor_weighted,0.8386673937583599,0.8379928315412186,0.5833333333333334,0.7795454545454545,0.1,0.8803054175677272,0.12043010752688173,10,2790,
emb_tf-exemplar-human,5,gingiva,oropharynx,oral_scc,donor_crc,0.9739497915046519,0.9738351254480286,0.9292929292929293,0.9473211848211849,0.0,2.098401641706263,0.0,10,2790,
emb_tf-exemplar-human,6,gingiva,oropharynx,oral_scc,cell_pooled,0.8980615392340396,0.897454284689853,0.8,0.8401351351351352,0.0,0.9230601160940572,0.07673001075654357,10,2789,0.8927756653992396
emb_tf-exemplar-human,6,gingiva,oropharynx,oral_scc,donor_weighted,0.8980615392340396,0.897454284689853,0.8,0.8401351351351352,0.0,0.9230601160940572,0.07673001075654357,10,2789,
emb_tf-exemplar-human,6,gingiva,oropharynx,oral_scc,donor_crc,0.9902535250715975,0.9903191107923988,0.9763513513513513,0.9855545982223834,0.0,2.1533147235922896,0.0,10,2789,
emb_tf-exemplar-human,7,gingiva,oropharynx,oral_scc,cell_pooled,0.8874930990228822,0.8872936109117013,0.7133333333333334,0.841030303030303,0.1,0.9232041348944998,0.07788944723618091,10,2786,0.911787072243346
emb_tf-exemplar-human,7,gingiva,oropharynx,oral_scc,donor_weighted,0.8868230653528485,0.886575735821967,0.71,0.8376666666666667,0.1,0.9225341012244661,0.07860732232591529,10,2786,
emb_tf-exemplar-human,7,gingiva,oropharynx,oral_scc,donor_crc,0.9855255610053962,0.9860014357501795,0.9696969696969697,0.9735930735930736,0.0,2.048617942493478,0.0,10,2786,
emb_tf-exemplar-human,8,gingiva,oropharynx,oral_scc,cell_pooled,0.9073232664020541,0.9068894952251023,0.79,0.8638484848484849,0.1,0.9759192338291621,0.024215552523874487,10,2932,0.9019011406844106
emb_tf-exemplar-human,8,gingiva,oropharynx,oral_scc,donor_weighted,0.905605304487489,0.9051841746248295,0.78,0.8628484848484849,0.1,0.9711012043763004,0.02899045020463847,10,2932,
emb_tf-exemplar-human,8,gingiva,oropharynx,oral_scc,donor_crc,0.985411506759775,0.9853342428376535,0.9629629629629629,0.978053053053053,0.0,2.511343146059085,0.0,10,2932,
emb_tf-exemplar-human,9,gingiva,oropharynx,oral_scc,cell_pooled,0.8717007939948814,0.8707360861759426,0.6266666666666667,0.8050909090909091,0.1,0.9041175387288529,0.096229802513465,10,2785,0.8920152091254753
emb_tf-exemplar-human,9,gingiva,oropharynx,oral_scc,donor_weighted,0.870656488495352,0.8696588868940754,0.6233333333333333,0.8047575757575758,0.1,0.9027353953914858,0.09766606822262118,10,2785,
emb_tf-exemplar-human,9,gingiva,oropharynx,oral_scc,donor_crc,0.980777521569568,0.9809694793536804,0.9461279461279462,0.9672479297479298,0.0,1.8501076148882543,0.0,10,2785,
emb_tf-exemplar-human,10,gingiva,oropharynx,oral_scc,cell_pooled,0.8956505117629068,0.8949262324577186,0.7733333333333333,0.8318787878787879,0.1,0.9291557951859775,0.07196833393306945,10,2779,0.911787072243346
emb_tf-exemplar-human,10,gingiva,oropharynx,oral_scc,donor_weighted,0.894265883181675,0.8934868657790572,0.7666666666666667,0.8312121212121212,0.1,0.9277711666047457,0.07340770061173084,10,2779,
emb_tf-exemplar-human,10,gingiva,oropharynx,oral_scc,donor_crc,0.9819991975569129,0.982367758186398,0.9562289562289562,0.9722462722462722,0.0,1.8821582203740026,0.0,10,2779,
emb_tf-exemplar-human,11,gingiva,oropharynx,oral_scc,cell_pooled,0.8739734087446221,0.8729085083659666,0.6233333333333333,0.8040574712643678,0.1,0.9096037545621039,0.09220363118547525,10,2809,0.9003802281368821
emb_tf-exemplar-human,11,gingiva,oropharynx,oral_scc,donor_weighted,0.8726528869241003,0.8718405126379495,0.62,0.8037241379310345,0.1,0.9082832327415821,0.09327162691349235,10,2809,
emb_tf-exemplar-human,11,gingiva,oropharynx,oral_scc,donor_crc,0.9734412677401607,0.9743681025275899,0.9527027027027027,0.9543611793611794,0.0,1.5506383313664025,0.0,10,2809,
emb_tf-exemplar-human,12,gingiva,oropharynx,oral_scc,cell_pooled,0.9144318049337734,0.9138428262436914,0.8417508417508418,0.8716750841750842,0.0,0.9516537468170341,0.049026676279740444,10,2774,0.9064638783269962
emb_tf-exemplar-human,12,gingiva,oropharynx,oral_scc,donor_weighted,0.9144318049337734,0.9138428262436914,0.8417508417508418,0.8716750841750842,0.0,0.9516537468170341,0.049026676279740444,10,2774,
emb_tf-exemplar-human,12,gingiva,oropharynx,oral_scc,donor_crc,0.9809933048332024,0.9812545061283345,0.9461279461279462,0.9702884702884703,0.0,2.0446901264190385,0.0,10,2774,
emb_tf-exemplar-human,13,gingiva,oropharynx,oral_scc,cell_pooled,0.8689133933315007,0.8697991391678622,0.8068965517241379,0.8140229885057471,0.0,0.8956932669974762,0.10294117647058823,10,2788,0.9011406844106464
emb_tf-exemplar-human,13,gingiva,oropharynx,oral_scc,donor_weighted,0.8679192150959432,0.8690817790530847,0.803448275862069,0.8136781609195401,0.0,0.8946990887619186,0.10365853658536585,10,2788,
emb_tf-exemplar-human,13,gingiva,oropharynx,oral_scc,donor_crc,0.9755517574506491,0.975609756097561,0.9595959595959596,0.9680285614768374,0.0,1.664041015686291,0.0,10,2788,
emb_tf-exemplar-human,14,gingiva,oropharynx,oral_scc,cell_pooled,0.8661654472515087,0.8638818869283399,0.5933333333333334,0.771273631840796,0.2,0.8946749619392225,0.10767014764133957,10,2777,0.9003802281368821
emb_tf-exemplar-human,14,gingiva,oropharynx,oral_scc,donor_weighted,0.8650858452614589,0.8628015844436442,0.59,0.764223880597015,0.2,0.8929253413188392,0.1094706517824991,10,2777,
emb_tf-exemplar-human,14,gingiva,oropharynx,oral_scc,donor_crc,0.9781981676165667,0.9783939503060857,0.9493243243243243,0.9701048462255358,0.0,1.685361211619049,0.0,10,2777,
emb_tf-exemplar-human,15,gingiva,oropharynx,oral_scc,cell_pooled,0.8511607965879306,0.8505043227665706,0.6933333333333334,0.7723636363636364,0.2,0.8820214325341406,0.11815561959654179,10,2776,0.9064638783269962
emb_tf-exemplar-human,15,gingiva,oropharynx,oral_scc,donor_weighted,0.8504543289262392,0.8497838616714697,0.69,0.7720303030303031,0.2,0.8809677426502267,0.11923631123919308,10,2776,
emb_tf-exemplar-human,15,gingiva,oropharynx,oral_scc,donor_crc,0.9667810151452164,0.9664985590778098,0.9124579124579124,0.9517187642187642,0.0,1.3190204352380117,0.0,10,2776,
emb_tf-exemplar-human,16,gingiva,oropharynx,oral_scc,cell_pooled,0.863895796726619,0.8617710583153347,0.6066666666666667,0.7927562189054727,0.1,0.8947798407730272,0.10583153347732181,10,2778,0.9003802281368821
emb_tf-exemplar-human,16,gingiva,oropharynx,oral_scc,donor_weighted,0.862506663640883,0.8603311735061195,0.6033333333333334,0.7890646766169154,0.1,0.8923619575421613,0.10835133189344852,10,2778,
emb_tf-exemplar-human,16,gingiva,oropharynx,oral_scc,donor_crc,0.9845211907471887,0.984521238300936,0.9461279461279462,0.9672479297479298,0.0,2.223610823510726,0.0,10,2778,
emb_tf-exemplar-human,17,gingiva,oropharynx,oral_scc,cell_pooled,0.8444702376118564,0.8441977077363897,0.6166666666666667,0.7366666666666667,0.2,0.871676279104115,0.12858166189111747,10,2792,0.9011406844106464
emb_tf-exemplar-human,17,gingiva,oropharynx,oral_scc,donor_weighted,0.8434304366168315,0.8431232091690545,0.61,0.7326417910447761,0.2,0.8692950776513104,0.13073065902578795,10,2792,
emb_tf-exemplar-human,17,gingiva,oropharynx,oral_scc,donor_crc,0.9765315634685159,0.9767191977077364,0.9326599326599326,0.9691049194404899,0.0,1.50704670159613,0.0,10,2792,
emb_tf-exemplar-human,18,gingiva,oropharynx,oral_scc,cell_pooled,0.9149304158607088,0.9139048991354467,0.8653198653198653,0.8679509054509054,0.0,0.9684668864944532,0.03206051873198847,10,2776,0.908745247148289
emb_tf-exemplar-human,18,gingiva,oropharynx,oral_scc,donor_weighted,0.9142570075530723,0.9131844380403458,0.8648648648648649,0.8652743652743652,0.0,0.9667774794294388,0.03386167146974063,10,2776,
emb_tf-exemplar-human,18,gingiva,oropharynx,oral_scc,donor_crc,0.9783366595286701,0.978386167146974,0.9562289562289562,0.9682580307580307,0.0,1.8034385996853122,0.0,10,2776,
emb_tf-exemplar-human,19,gingiva,oropharynx,oral_scc,cell_pooled,0.879459124719928,0.8761253150882247,0.6833333333333333,0.8168181818181818,0.1,0.9110412310917843,0.09110550954267195,10,2777,0.8980988593155893
emb_tf-exemplar-human,19,gingiva,oropharynx,oral_scc,donor_weighted,0.8787857164122915,0.8754051134317609,0.6833333333333333,0.8168181818181818,0.1,0.9103678227841477,0.09182571119913575,10,2777,
emb_tf-exemplar-human,19,gingiva,oropharynx,oral_scc,donor_crc,0.987182774948044,0.9870363701836514,0.9663299663299664,0.9723086723086724,0.0,2.1825588717801536,0.0,10,2777,
emb_tf-exemplar-human,20,gingiva,oropharynx,oral_scc,cell_pooled,0.8777753853610086,0.8770325203252033,0.6333333333333333,0.7906060606060606,0.1,0.9307033379492526,0.06978319783197832,10,2952,0.8942965779467681
emb_tf-exemplar-human,20,gingiva,oropharynx,oral_scc,donor_weighted,0.8771076038671403,0.8763550135501355,0.63,0.7902727272727272,0.1,0.9300355564553844,0.07046070460704607,10,2952,
emb_tf-exemplar-human,20,gingiva,oropharynx,oral_scc,donor_crc,0.9780494685881838,0.9779810298102981,0.9326599326599326,0.9476578851578852,0.0,2.184937542704472,0.0,10,2952,
emb_tf-exemplar-human,21,gingiva,oropharynx,oral_scc,cell_pooled,0.8559788658015899,0.8594594594594595,0.7276119402985075,0.7974365187051755,0.1,0.8800786606655224,0.11603603603603603,10,2775,0.8980988593155893
emb_tf-exemplar-human,21,gingiva,oropharynx,oral_scc,donor_weighted,0.8538729083024261,0.8572972972972973,0.7201492537313433,0.7920149253731343,0.1,0.8779727031663587,0.1181981981981982,10,2775,
emb_tf-exemplar-human,21,gingiva,oropharynx,oral_scc,donor_crc,0.9681592849900327,0.9682882882882883,0.9393939393939394,0.9422502047502047,0.0,1.3352265262257403,0.0,10,2775,
emb_tf-exemplar-human,22,gingiva,oropharynx,oral_scc,cell_pooled,0.9026430458963539,0.9,0.7566666666666667,0.8241515151515152,0.1,0.952360858062588,0.05,10,2780,0.8745247148288974
emb_tf-exemplar-human,22,gingiva,oropharynx,oral_scc,donor_weighted,0.900599877897962,0.897841726618705,0.7466666666666667,0.8201212121212121,0.1,0.9503176900641961,0.052158273381294966,10,2780,
emb_tf-exemplar-human,22,gingiva,oropharynx,oral_scc,donor_crc,0.9847438079726782,0.9845323741007195,0.9461279461279462,0.9764919892436671,0.0,2.715109521915837,0.0,10,2780,
emb_tf-exemplar-human,23,gingiva,oropharynx,oral_scc,cell_pooled,0.880841902901883,0.8789625360230547,0.7033333333333334,0.827427927927928,0.1,0.9113762360443166,0.0893371757925072,10,2776,0.911787072243346
emb_tf-exemplar-human,23,gingiva,oropharynx,oral_scc,donor_weighted,0.880841902901883,0.8789625360230547,0.7033333333333334,0.827427927927928,0.1,0.9110265856946663,0.08969740634005764,10,2776,
emb_tf-exemplar-human,23,gingiva,oropharynx,oral_scc,donor_crc,0.9801105825301635,0.9801873198847262,0.9528619528619529,0.9618402493402494,0.0,1.6620389070806443,0.0,10,2776,
emb_tf-exemplar-human,24,gingiva,oropharynx,oral_scc,cell_pooled,0.8865121855377482,0.8857651245551601,0.7133333333333334,0.7986060606060607,0.1,0.9097050811700929,0.0911032028469751,10,2810,0.9026615969581749
emb_tf-exemplar-human,24,gingiva,oropharynx,oral_scc,donor_weighted,0.883134125975843,0.8822064056939501,0.7,0.7912121212121213,0.1,0.9053432227983018,0.09537366548042704,10,2810,
emb_tf-exemplar-human,24,gingiva,oropharynx,oral_scc,donor_crc,0.9818793073610962,0.9822064056939501,0.9326599326599326,0.9698893698893699,0.0,1.6977149164625254,0.0,10,2810,
emb_tf-exemplar-human,25,gingiva,oropharynx,oral_scc,cell_pooled,0.8816695884258137,0.8839798850574713,0.7649253731343284,0.794674355495251,0.2,0.9073770951682152,0.09015804597701149,10,2784,0.8920152091254753
emb_tf-exemplar-human,25,gingiva,oropharynx,oral_scc,donor_weighted,0.8816695884258137,0.8839798850574713,0.7649253731343284,0.794674355495251,0.2,0.9073770951682152,0.09015804597701149,10,2784,
emb_tf-exemplar-human,25,gingiva,oropharynx,oral_scc,donor_crc,0.9776844968202324,0.9777298850574713,0.9259259259259259,0.9530655655655655,0.0,1.368847126878486,0.0,10,2784,
emb_tf-exemplar-human,26,gingiva,oropharynx,oral_scc,cell_pooled,0.867382301028564,0.8655855855855856,0.66,0.8053939393939394,0.1,0.899611146907956,0.10162162162162162,10,2775,0.908745247148289
emb_tf-exemplar-human,26,gingiva,oropharynx,oral_scc,donor_weighted,0.8656459457206054,0.8637837837837837,0.6566666666666666,0.8050606060606061,0.1,0.8978747915999973,0.10342342342342342,10,2775,
emb_tf-exemplar-human,26,gingiva,oropharynx,oral_scc,donor_crc,0.9728664990566201,0.9726126126126126,0.9259259259259259,0.9591466466466466,0.0,1.4791636147851261,0.0,10,2775,
emb_tf-exemplar-human,27,gingiva,oropharynx,oral_scc,cell_pooled,0.8646524083306695,0.8632478632478633,0.65,0.7801515151515152,0.2,0.8973325233966868,0.10363247863247864,10,2808,0.9178707224334601
emb_tf-exemplar-human,27,gingiva,oropharynx,oral_scc,donor_weighted,0.8626330576096244,0.8611111111111112,0.6466666666666666,0.7798181818181819,0.2,0.8949659504534194,0.10612535612535613,10,2808,
emb_tf-exemplar-human,27,gingiva,oropharynx,oral_scc,donor_crc,0.973417118367746,0.9732905982905983,0.9259259259259259,0.9500250250250251,0.0,1.7113647254295608,0.0,10,2808,
emb_tf-exemplar-human,28,gingiva,oropharynx,oral_scc,cell_pooled,0.8760802296612722,0.8753561253561254,0.6866666666666666,0.8110909090909091,0.1,0.9191754725280543,0.0811965811965812,10,2808,0.8844106463878327
emb_tf-exemplar-human,28,gingiva,oropharynx,oral_scc,donor_weighted,0.8760802296612722,0.8753561253561254,0.6866666666666666,0.8110909090909091,0.1,0.9191754725280543,0.0811965811965812,10,2808,
emb_tf-exemplar-human,28,gingiva,oropharynx,oral_scc,donor_crc,0.9754228950468287,0.9754273504273504,0.9326599326599326,0.9506984256984258,0.0,2.1899725301662594,0.0,10,2808,
emb_tf-exemplar-human,29,gingiva,oropharynx,oral_scc,cell_pooled,0.8829581086563456,0.881508078994614,0.64,0.8185454545454545,0.1,0.9286667922267317,0.0732495511669659,10,2785,0.9110266159695818
emb_tf-exemplar-human,29,gingiva,oropharynx,oral_scc,donor_weighted,0.8798342011667664,0.8782764811490126,0.6233333333333333,0.8145721393034826,0.1,0.9241870664261104,0.07755834829443448,10,2785,
emb_tf-exemplar-human,29,gingiva,oropharynx,oral_scc,donor_crc,0.9752380888250114,0.9752244165170556,0.9427609427609428,0.9577896077896078,0.0,1.7637417640570625,0.0,10,2785,
emb_tf-exemplar-human,30,gingiva,oropharynx,oral_scc,cell_pooled,0.9007487706562423,0.9009009009009009,0.8432835820895522,0.8449344188150159,0.0,0.9395482586789944,0.06018018018018018,10,2775,0.9026615969581749
emb_tf-exemplar-human,30,gingiva,oropharynx,oral_scc,donor_weighted,0.8952947311833889,0.8958558558558558,0.835820895522388,0.8381275440976933,0.0,0.9337210848777827,0.06558558558558558,10,2775,
emb_tf-exemplar-human,30,gingiva,oropharynx,oral_scc,donor_crc,0.9751537139081325,0.9751351351351352,0.9528619528619529,0.9618402493402494,0.0,1.8204004465992742,0.0,10,2775,
emb_tf-exemplar-human,31,gingiva,oropharynx,oral_scc,cell_pooled,0.8979913388835292,0.8992080633549316,0.8215488215488216,0.8276772702145836,0.0,0.9238263499800826,0.07415406767458603,10,2778,0.9041825095057034
emb_tf-exemplar-human,31,gingiva,oropharynx,oral_scc,donor_weighted,0.8965739292872155,0.8977681785457163,0.8208955223880597,0.8214834916327454,0.0,0.9224089403837687,0.0755939524838013,10,2778,
emb_tf-exemplar-human,31,gingiva,oropharynx,oral_scc,donor_crc,0.975558114032846,0.9755219582433405,0.9292929292929293,0.9681017067223964,0.0,1.4144357893032395,0.0,10,2778,
emb_tf-exemplar-human,32,gingiva,oropharynx,oral_scc,cell_pooled,0.8649499585731724,0.8623032904148784,0.61,0.7913030303030303,0.1,0.9047431165342223,0.09728183118741059,10,2796,0.9072243346007605
emb_tf-exemplar-human,32,gingiva,oropharynx,oral_scc,donor_weighted,0.8636110361397066,0.8608726752503576,0.6066666666666667,0.790969696969697,0.1,0.90273752743409,0.0994277539341917,10,2796,
emb_tf-exemplar-human,32,gingiva,oropharynx,oral_scc,donor_crc,0.981465607171995,0.9817596566523605,0.9528619528619529,0.970961870961871,0.0,2.1883965346333984,0.0,10,2796,
emb_tf-exemplar-human,33,gingiva,oropharynx,oral_scc,cell_pooled,0.9214621105541972,0.920417716960749,0.8547297297297297,0.8706453867660764,0.0,0.9628493994249062,0.036730284479654304,10,2777,0.9140684410646388
emb_tf-exemplar-human,33,gingiva,oropharynx,oral_scc,donor_weighted,0.9211276623936622,0.9200576161325171,0.8547297297297297,0.8706453867660764,0.0,0.9621793807945724,0.037450486136118115,10,2777,
emb_tf-exemplar-human,33,gingiva,oropharynx,oral_scc,donor_crc,0.9830932399668738,0.9827151602448686,0.9662162162162162,0.9724605477961183,0.0,2.059478310114847,0.0,10,2777,
emb_tf-exemplar-human,34,gingiva,oropharynx,oral_scc,cell_pooled,0.8850136739929659,0.8836455331412104,0.7433333333333333,0.8283873873873874,0.1,0.9280541028257513,0.07348703170028818,10,2776,0.9011406844106464
emb_tf-exemplar-human,34,gingiva,oropharynx,oral_scc,donor_weighted,0.8846803406596327,0.8832853025936599,0.74,0.8280540540540541,0.1,0.9277207694924179,0.07384726224783862,10,2776,
emb_tf-exemplar-human,34,gingiva,oropharynx,oral_scc,donor_crc,0.9813611458883218,0.9816282420749279,0.9595959595959596,0.9725829725829725,0.0,2.0717213723182293,0.0,10,2776,
emb_tf-exemplar-human,35,gingiva,oropharynx,oral_scc,cell_pooled,0.8769618968089731,0.8738738738738738,0.6833333333333333,0.7774242424242424,0.2,0.9274601244235635,0.0745945945945946,10,2775,0.8699619771863117
emb_tf-exemplar-human,35,gingiva,oropharynx,oral_scc,donor_weighted,0.8752122611488897,0.872072072072072,0.6766666666666666,0.7737272727272727,0.2,0.9257104887634802,0.0763963963963964,10,2775,
emb_tf-exemplar-human,35,gingiva,oropharynx,oral_scc,donor_crc,0.9802832303427682,0.9798198198198198,0.936026936026936,0.9601567476567476,0.0,2.737464038516886,0.0,10,2775,
emb_tf-exemplar-human,36,gingiva,oropharynx,oral_scc,cell_pooled,0.8465558188905227,0.8432432432432433,0.5666666666666667,0.7748484848484849,0.2,0.8838733185621196,0.11891891891891893,10,2775,0.8965779467680608
emb_tf-exemplar-human,36,gingiva,oropharynx,oral_scc,donor_weighted,0.8444862953830168,0.841081081081081,0.5633333333333334,0.7684545454545454,0.2,0.8814659572167759,0.12144144144144144,10,2775,
emb_tf-exemplar-human,36,gingiva,oropharynx,oral_scc,donor_crc,0.9638070857544626,0.9643243243243244,0.9124579124579124,0.9425971425971426,0.0,1.4216695479460104,0.0,10,2775,
emb_tf-exemplar-human,37,gingiva,oropharynx,oral_scc,cell_pooled,0.9027194893833048,0.9034929780338494,0.8344827586206897,0.8356870818322182,0.0,0.9271807208250282,0.07238026647461289,10,2777,0.9102661596958175
emb_tf-exemplar-human,37,gingiva,oropharynx,oral_scc,donor_weighted,0.9008538177415139,0.9016924738926899,0.8171641791044776,0.8327509006690684,0.0,0.9246656985338865,0.07454087144400433,10,2777,
emb_tf-exemplar-human,37,gingiva,oropharynx,oral_scc,donor_crc,0.9807482798894052,0.9819949585884048,0.9545454545454546,0.9706269592476489,0.0,1.442466522481401,0.0,10,2777,
emb_tf-exemplar-human,38,gingiva,oropharynx,oral_scc,cell_pooled,0.8389285482291049,0.8379347436357117,0.6033333333333334,0.7286169154228855,0.2,0.8863432646535403,0.11545356758694873,10,2789,0.8935361216730038
emb_tf-exemplar-human,38,gingiva,oropharynx,oral_scc,donor_weighted,0.8364106277739095,0.835424883470778,0.6033333333333334,0.7151840796019902,0.2,0.8834875063605072,0.11832197920401577,10,2789,
emb_tf-exemplar-human,38,gingiva,oropharynx,oral_scc,donor_crc,0.9631236834369321,0.9645034062387953,0.935064935064935,0.9450216450216451,0.0,1.67738771384447,0.0,10,2789,
emb_tf-exemplar-human,39,gingiva,oropharynx,oral_scc,cell_pooled,0.8895820119986011,0.8902352102637205,0.8047138047138047,0.8132416507416507,0.0,0.9319816142763969,0.06771204561653599,10,2806,0.8965779467680608
emb_tf-exemplar-human,39,gingiva,oropharynx,oral_scc,donor_weighted,0.8895820119986011,0.8902352102637205,0.8047138047138047,0.8132416507416507,0.0,0.9316449139396965,0.06806842480399145,10,2806,
emb_tf-exemplar-human,39,gingiva,oropharynx,oral_scc,donor_crc,0.9730948332897092,0.9729151817533856,0.9326599326599326,0.9385362635362635,0.0,1.8989961891548444,0.0,10,2806,
emb_tf-exemplar-human,40,gingiva,oropharynx,oral_scc,cell_pooled,0.8444177685303533,0.843010752688172,0.5733333333333334,0.7300606060606061,0.3,0.8803581613744434,0.12007168458781362,10,2790,0.9064638783269962
emb_tf-exemplar-human,40,gingiva,oropharynx,oral_scc,donor_weighted,0.8444177685303533,0.843010752688172,0.5733333333333334,0.7300606060606061,0.3,0.8803581613744434,0.12007168458781362,10,2790,
emb_tf-exemplar-human,40,gingiva,oropharynx,oral_scc,donor_crc,0.970606753417505,0.9702508960573477,0.8821548821548821,0.9640544143899848,0.0,1.5900480960073058,0.0,10,2790,
emb_tf-exemplar-human,41,gingiva,oropharynx,oral_scc,cell_pooled,0.8760905827402878,0.8756849315068493,0.6866666666666666,0.795939393939394,0.1,0.9033021531766547,0.09691780821917809,10,2920,0.8851711026615969
emb_tf-exemplar-human,41,gingiva,oropharynx,oral_scc,donor_weighted,0.875086100909719,0.8746575342465753,0.6833333333333333,0.7925757575757576,0.1,0.9019621008762873,0.09828767123287671,10,2920,
emb_tf-exemplar-human,41,gingiva,oropharynx,oral_scc,donor_crc,0.9870781089761446,0.986986301369863,0.9730639730639731,0.979063154063154,0.0,1.9464337047281237,0.0,10,2920,
emb_tf-exemplar-human,42,gingiva,oropharynx,oral_scc,cell_pooled,0.9149291379250709,0.9150162045372704,0.847972972972973,0.8637628145386765,0.0,0.9451697122650293,0.054375225063017646,10,2777,0.9171102661596958
emb_tf-exemplar-human,42,gingiva,oropharynx,oral_scc,donor_weighted,0.9145935674552721,0.9146561037090385,0.847972972972973,0.8637628145386765,0.0,0.9448341417952305,0.05473532589124955,10,2777,
emb_tf-exemplar-human,42,gingiva,oropharynx,oral_scc,donor_crc,0.9762241774205205,0.9765934461649262,0.9655172413793104,0.9661463187325257,0.0,1.2745834431786063,0.0,10,2777,
emb_tf-exemplar-human,43,gingiva,oropharynx,oral_scc,cell_pooled,0.9143197134795719,0.9135135135135135,0.8417508417508418,0.8625534625534627,0.0,0.9577374952631089,0.042522522522522525,10,2775,0.9186311787072243
emb_tf-exemplar-human,43,gingiva,oropharynx,oral_scc,donor_weighted,0.9136110086814151,0.9127927927927928,0.8417508417508418,0.8625534625534627,0.0,0.9570287904649522,0.043243243243243246,10,2775,
emb_tf-exemplar-human,43,gingiva,oropharynx,oral_scc,donor_crc,0.9799712585388096,0.9801801801801802,0.9528619528619529,0.9679213304213304,0.0,1.8986719988570377,0.0,10,2775,
emb_tf-exemplar-human,44,gingiva,oropharynx,oral_scc,cell_pooled,0.8541948025516259,0.8543758967001435,0.5766666666666667,0.7460995024875622,0.2,0.8836671660476378,0.11657101865136299,10,2788,0.908745247148289
emb_tf-exemplar-human,44,gingiva,oropharynx,oral_scc,donor_weighted,0.8528614692182928,0.8529411764705882,0.5633333333333334,0.7447661691542289,0.2,0.8819971323776041,0.11836441893830703,10,2788,
emb_tf-exemplar-human,44,gingiva,oropharynx,oral_scc,donor_crc,0.981014023283133,0.9813486370157819,0.9494949494949495,0.9699494949494949,0.0,1.9338963521259427,0.0,10,2788,
emb_tf-exemplar-human,45,gingiva,oropharynx,oral_scc,cell_pooled,0.8999502105519254,0.8998559077809798,0.8344827586206897,0.8440543364681297,0.0,0.9411958657873445,0.05943804034582133,10,2776,0.8996197718631179
emb_tf-exemplar-human,45,gingiva,oropharynx,oral_scc,donor_weighted,0.8989502105519251,0.8987752161383286,0.8344827586206897,0.8440543364681297,0.0,0.9401958657873445,0.06051873198847262,10,2776,
emb_tf-exemplar-human,45,gingiva,oropharynx,oral_scc,donor_crc,0.9732635268118344,0.973342939481268,0.9259259259259259,0.9591466466466466,0.0,1.735392656920831,0.0,10,2776,
emb_tf-exemplar-human,46,gingiva,oropharynx,oral_scc,cell_pooled,0.88035858186161,0.87900612171408,0.6666666666666666,0.8359234234234234,0.1,0.9128795831581309,0.0878646020885848,10,2777,0.9026615969581749
emb_tf-exemplar-human,46,gingiva,oropharynx,oral_scc,donor_weighted,0.8792789798715601,0.8779258192293842,0.6633333333333333,0.835363184079602,0.1,0.911799981168081,0.08894490457328053,10,2777,
emb_tf-exemplar-human,46,gingiva,oropharynx,oral_scc,donor_crc,0.9759019179378099,0.9758732445084624,0.9594594594594594,0.9657446036640668,0.0,1.677874456197193,0.0,10,2777,
emb_tf-exemplar-human,47,gingiva,oropharynx,oral_scc,cell_pooled,0.9132971407992094,0.9133405249910105,0.8166666666666667,0.8699425287356322,0.0,0.9417656390450448,0.05861201006832075,10,2781,0.9102661596958175
emb_tf-exemplar-human,47,gingiva,oropharynx,oral_scc,donor_weighted,0.9102539878405175,0.9101042790363179,0.7966666666666666,0.8679425287356322,0.1,0.9380372652669038,0.06256742179072276,10,2781,
emb_tf-exemplar-human,47,gingiva,oropharynx,oral_scc,donor_crc,0.9823029915256558,0.982740021574973,0.974025974025974,0.9755275974025974,0.0,1.745531958097894,0.0,10,2781,
emb_tf-exemplar-human,48,gingiva,oropharynx,oral_scc,cell_pooled,0.8642570401730509,0.8651362984218077,0.6940298507462687,0.8018167781780751,0.1,0.9100114716047429,0.0900286944045911,10,2788,0.8912547528517111
emb_tf-exemplar-human,48,gingiva,oropharynx,oral_scc,donor_weighted,0.8631740711796342,0.8640602582496413,0.6865671641791045,0.8010705095213587,0.1,0.908928502611326,0.09110473457675754,10,2788,
emb_tf-exemplar-human,48,gingiva,oropharynx,oral_scc,donor_crc,0.9631099457122861,0.9641319942611191,0.9415584415584416,0.9426406926406927,0.0,1.553680950248126,0.0,10,2788,
emb_tf-exemplar-human,49,gingiva,oropharynx,oral_scc,cell_pooled,0.8972288822163502,0.8963414634146342,0.7733333333333333,0.853090909090909,0.1,0.9384383213763758,0.06348637015781923,10,2788,0.9193916349809886
emb_tf-exemplar-human,49,gingiva,oropharynx,oral_scc,donor_weighted,0.8954711193067604,0.8945480631276901,0.7666666666666667,0.8524242424242424,0.1,0.9359625965522207,0.06599713055954089,10,2788,
emb_tf-exemplar-human,49,gingiva,oropharynx,oral_scc,donor_crc,0.9803623918940513,0.9806312769010043,0.9595959595959596,0.9655541905541906,0.0,2.1427228449710913,0.0,10,2788,
emb_tf-exemplar-human,50,gingiva,oropharynx,oral_scc,cell_pooled,0.9018671482071564,0.9013678905687545,0.76,0.8305454545454545,0.1,0.9403978754613558,0.06011519078473722,10,2778,0.9201520912547528
emb_tf-exemplar-human,50,gingiva,oropharynx,oral_scc,donor_weighted,0.9007875462171064,0.900287976961843,0.76,0.8305454545454545,0.1,0.9389734458850991,0.061555075593952485,10,2778,
emb_tf-exemplar-human,50,gingiva,oropharynx,oral_scc,donor_crc,0.9871179209334711,0.9870410367170627,0.9595959595959596,0.9777163527163527,0.0,2.7359670382738,0.0,10,2778,
emb_tf-exemplar-human,51,gingiva,oropharynx,oral_scc,cell_pooled,0.9103737346035187,0.9117437722419929,0.8433333333333334,0.8695057471264368,0.0,0.9369874637002592,0.06120996441281139,10,2810,0.8973384030418251
emb_tf-exemplar-human,51,gingiva,oropharynx,oral_scc,donor_weighted,0.9093622403506452,0.9106761565836299,0.8366666666666667,0.865735632183908,0.0,0.9356311418611789,0.06263345195729537,10,2810,
emb_tf-exemplar-human,51,gingiva,oropharynx,oral_scc,donor_crc,0.9821878541636977,0.9825622775800712,0.9595959595959596,0.9725829725829725,0.0,1.7605305748837121,0.0,10,2810,
emb_tf-exemplar-human,52,gingiva,oropharynx,oral_scc,cell_pooled,0.8608772392955475,0.8603814321698453,0.5766666666666667,0.7528159203980099,0.2,0.8903667934259616,0.11011155091759625,10,2779,0.8988593155893536
emb_tf-exemplar-human,52,gingiva,oropharynx,oral_scc,donor_weighted,0.8598566163999244,0.8593019071608492,0.5766666666666667,0.7528159203980099,0.2,0.8893461705303387,0.1111910759265923,10,2779,
emb_tf-exemplar-human,52,gingiva,oropharynx,oral_scc,donor_crc,0.9814107374248918,0.9816480748470673,0.9393939393939394,0.9705627705627705,0.0,1.6916365011424461,0.0,10,2779,
emb_tf-exemplar-human,53,gingiva,oropharynx,oral_scc,cell_pooled,0.871229340110322,0.8700284090909091,0.5866666666666667,0.8071515151515152,0.1,0.9031283144552404,0.09730113636363637,10,2816,0.8950570342205323
emb_tf-exemplar-human,53,gingiva,oropharynx,oral_scc,donor_weighted,0.8705615586164536,0.8693181818181818,0.5866666666666667,0.8071515151515152,0.1,0.9024605329613719,0.09801136363636363,10,2816,
emb_tf-exemplar-human,53,gingiva,oropharynx,oral_scc,donor_crc,0.9761849656481623,0.9762073863636364,0.9494949494949495,0.9554224679224679,0.0,1.573908138264208,0.0,10,2816,
emb_tf-exemplar-human,54,gingiva,oropharynx,oral_scc,cell_pooled,0.8543673367866754,0.8510255487585462,0.5933333333333334,0.7611990049751244,0.2,0.8869805846538096,0.11586901763224182,10,2779,0.9201520912547528
emb_tf-exemplar-human,54,gingiva,oropharynx,oral_scc,donor_weighted,0.8543673367866754,0.8510255487585462,0.5933333333333334,0.7611990049751244,0.2,0.8869805846538096,0.11586901763224182,10,2779,
emb_tf-exemplar-human,54,gingiva,oropharynx,oral_scc,donor_crc,0.9776201872893578,0.9776898164807485,0.9459459459459459,0.9704335207690913,0.0,1.8762236761968119,0.0,10,2779,
emb_tf-exemplar-human,55,gingiva,oropharynx,oral_scc,cell_pooled,0.8557271470519454,0.8556277796784126,0.5733333333333334,0.7726318407960199,0.2,0.8806318834457944,0.11939787889154978,10,2923,0.9041825095057034
emb_tf-exemplar-human,55,gingiva,oropharynx,oral_scc,donor_weighted,0.8522993655120216,0.8522066370167636,0.56,0.7645820895522388,0.2,0.8761672245112345,0.12384536435169347,10,2923,
emb_tf-exemplar-human,55,gingiva,oropharynx,oral_scc,donor_crc,0.9805866481607648,0.9804994868286008,0.9594594594594594,0.9717848721204426,0.0,1.722724635472416,0.0,10,2923,
emb_tf-exemplar-human,56,gingiva,oropharynx,oral_scc,cell_pooled,0.8933229224497877,0.8937990021382751,0.8047138047138047,0.8071605696605697,0.0,0.9225793746193551,0.07662152530292231,10,2806,0.8874524714828897
emb_tf-exemplar-human,56,gingiva,oropharynx,oral_scc,donor_weighted,0.8912875579316646,0.8916607270135424,0.8006756756756757,0.8012796887796888,0.0,0.919871739294733,0.07947255880256593,10,2806,
emb_tf-exemplar-human,56,gingiva,oropharynx,oral_scc,donor_crc,0.9717854964969097,0.9725588025659302,0.9326599326599326,0.9506984256984258,0.0,1.4548951981606535,0.0,10,2806,
emb_tf-exemplar-human,57,gingiva,oropharynx,oral_scc,cell_pooled,0.8876634632436124,0.8890489913544669,0.8114478114478114,0.8139150514150514,0.0,0.9252265384642083,0.07420749279538905,10,2776,0.9178707224334601
emb_tf-exemplar-human,57,gingiva,oropharynx,oral_scc,donor_weighted,0.8842689057768442,0.885806916426513,0.8040540540540541,0.8107084357084356,0.0,0.9214588466690821,0.07780979827089338,10,2776,
emb_tf-exemplar-human,57,gingiva,oropharynx,oral_scc,donor_crc,0.9783146147800231,0.978386167146974,0.9427609427609428,0.9517085267085268,0.0,1.6217349735100188,0.0,10,2776,
emb_tf-exemplar-human,58,gingiva,oropharynx,oral_scc,cell_pooled,0.8908833105091747,0.8902439024390244,0.69,0.8114242424242425,0.1,0.9391502056820447,0.06131436314363144,10,2952,0.8965779467680608
emb_tf-exemplar-human,58,gingiva,oropharynx,oral_scc,donor_weighted,0.8905384829229677,0.8899051490514905,0.69,0.8114242424242425,0.1,0.9388053780958379,0.061653116531165314,10,2952,
emb_tf-exemplar-human,58,gingiva,oropharynx,oral_scc,donor_crc,0.9821097804851225,0.9820460704607046,0.9393939393939394,0.9574529074529075,0.0,2.162066547010517,0.0,10,2952,
emb_tf-exemplar-human,59,gingiva,oropharynx,oral_scc,cell_pooled,0.8850323422478346,0.8837711406980928,0.6533333333333333,0.8276467661691542,0.1,0.928101246503499,0.07376754228139619,10,2779,0.8775665399239544
emb_tf-exemplar-human,59,gingiva,oropharynx,oral_scc,donor_weighted,0.8828994257492463,0.8816120906801007,0.6533333333333333,0.8175721393034826,0.1,0.9259683300049109,0.07592659229938827,10,2779,
emb_tf-exemplar-human,59,gingiva,oropharynx,oral_scc,donor_crc,0.9874806445635331,0.9881252249010435,0.9662162162162162,0.9732449982449982,0.0,2.354390838762054,0.0,10,2779,
emb_scvi,0,gingiva,oropharynx,oral_scc,cell_pooled,0.8671368123865515,0.8676258992805755,0.7003367003367004,0.7120336700336701,0.2,0.9367811379180768,0.06115107913669065,10,2780,0.8920152091254753
emb_scvi,0,gingiva,oropharynx,oral_scc,donor_weighted,0.8661253181336777,0.866546762589928,0.7003367003367004,0.70903367003367,0.2,0.9350914827456631,0.06294964028776978,10,2780,
emb_scvi,0,gingiva,oropharynx,oral_scc,donor_crc,0.9765660143167099,0.9769784172661871,0.95,0.9525757575757575,0.0,2.153658385552886,0.0,10,2780,
emb_scvi,1,gingiva,oropharynx,oral_scc,cell_pooled,0.7623491281860756,0.7634137558516385,0.45,0.6510606060606061,0.6,0.7859189969189793,0.212099387828592,10,2777,0.9277566539923955
emb_scvi,1,gingiva,oropharynx,oral_scc,donor_weighted,0.7606481072344471,0.7616132517104789,0.45,0.645,0.6,0.7838846426340175,0.21425999279798344,10,2777,
emb_scvi,1,gingiva,oropharynx,oral_scc,donor_crc,0.9565768996432282,0.9564277997839395,0.87,0.9385151515151515,0.0,1.2665067765199312,0.0,10,2777,
emb_scvi,2,gingiva,oropharynx,oral_scc,cell_pooled,0.848314790346721,0.8479827089337176,0.7003367003367004,0.70603367003367,0.2,0.8667890644972172,0.13256484149855907,10,2776,0.8942965779467681
emb_scvi,2,gingiva,oropharynx,oral_scc,donor_weighted,0.847969962760514,0.8476224783861671,0.7003367003367004,0.70603367003367,0.2,0.8661086664412118,0.13328530259365995,10,2776,
emb_scvi,2,gingiva,oropharynx,oral_scc,donor_crc,0.9789944896391487,0.9794668587896254,0.96,0.9626666666666667,0.0,1.2686107032612686,0.0,10,2776,
emb_scvi,3,gingiva,oropharynx,oral_scc,cell_pooled,0.8125295159980164,0.8135775862068966,0.6127946127946128,0.6993391627719986,0.4,0.8367715879661306,0.16163793103448276,10,2784,0.914828897338403
emb_scvi,3,gingiva,oropharynx,oral_scc,donor_weighted,0.8111883564280852,0.8121408045977011,0.6127946127946128,0.6993391627719986,0.4,0.8354304283961996,0.16307471264367815,10,2784,
emb_scvi,3,gingiva,oropharynx,oral_scc,donor_crc,0.9752540159158279,0.9762931034482759,0.9528619528619529,0.9543771043771044,0.0,1.3274155106360905,0.0,10,2784,
emb_scvi,4,gingiva,oropharynx,oral_scc,cell_pooled,0.8499988935732692,0.8486486486486486,0.71,0.746,0.3,0.9062854862808356,0.09225225225225225,10,2775,0.9095057034220533
emb_scvi,4,gingiva,oropharynx,oral_scc,donor_weighted,0.8489955265699021,0.8475675675675676,0.7033333333333334,0.7430606060606061,0.3,0.9045358506207523,0.09405405405405405,10,2775,
emb_scvi,4,gingiva,oropharynx,oral_scc,donor_crc,0.9600518453365522,0.96,0.936026936026936,0.9456026936026936,0.0,1.4849775458501815,0.0,10,2775,
emb_scvi,5,gingiva,oropharynx,oral_scc,cell_pooled,0.8498117104318158,0.8476702508960573,0.69,0.7235454545454546,0.2,0.9076127808997925,0.09283154121863799,10,2790,0.908745247148289
emb_scvi,5,gingiva,oropharynx,oral_scc,donor_weighted,0.8470940419725214,0.8448028673835125,0.6866666666666666,0.7171515151515152,0.2,0.9028179652115235,0.0974910394265233,10,2790,
emb_scvi,5,gingiva,oropharynx,oral_scc,donor_crc,0.960384366601582,0.9598566308243728,0.9391891891891891,0.9399189189189189,0.0,1.4445006660075543,0.0,10,2790,
emb_scvi,6,gingiva,oropharynx,oral_scc,cell_pooled,0.8210932849229857,0.8207242739333094,0.58,0.7208378378378378,0.3,0.8407308031999854,0.1595553961993546,10,2789,0.9125475285171103
emb_scvi,6,gingiva,oropharynx,oral_scc,donor_weighted,0.8193755711158198,0.8189315166726425,0.5766666666666667,0.7144234234234235,0.3,0.8386682618066127,0.16170670491215489,10,2789,
emb_scvi,6,gingiva,oropharynx,oral_scc,donor_crc,0.9635732053758315,0.9645034062387953,0.9266666666666666,0.940069264069264,0.0,1.2093397391383214,0.0,10,2789,
emb_scvi,7,gingiva,oropharynx,oral_scc,cell_pooled,0.8420245749916697,0.8413496051687006,0.6599326599326599,0.6959932659932659,0.3,0.874908050403827,0.1249102656137832,10,2786,0.8813688212927757
emb_scvi,7,gingiva,oropharynx,oral_scc,donor_weighted,0.8384019848690795,0.8384781048097631,0.6565656565656566,0.6896565656565656,0.3,0.8702742217699984,0.12885857860732233,10,2786,
emb_scvi,7,gingiva,oropharynx,oral_scc,donor_crc,0.9645115840220765,0.964824120603015,0.9292929292929293,0.9473211848211849,0.0,1.3470271528605664,0.0,10,2786,
emb_scvi,8,gingiva,oropharynx,oral_scc,cell_pooled,0.8666382342723302,0.8663028649386084,0.6966666666666667,0.7817878787878787,0.2,0.9274929409969067,0.07264665757162346,10,2932,0.8973384030418251
emb_scvi,8,gingiva,oropharynx,oral_scc,donor_weighted,0.8622359039544609,0.861869031377899,0.69,0.765969696969697,0.2,0.9176821345064917,0.082537517053206,10,2932,
emb_scvi,8,gingiva,oropharynx,oral_scc,donor_crc,0.9762861983107944,0.9761255115961801,0.9366666666666666,0.9634653243847875,0.0,1.6774298721004322,0.0,10,2932,
emb_scvi,9,gingiva,oropharynx,oral_scc,cell_pooled,0.8334176207867733,0.8337522441651706,0.6133333333333333,0.7340606060606061,0.3,0.850463700074789,0.14829443447037702,10,2785,0.9041825095057034
emb_scvi,9,gingiva,oropharynx,oral_scc,donor_weighted,0.8334176207867733,0.8337522441651706,0.6133333333333333,0.7340606060606061,0.3,0.850463700074789,0.14829443447037702,10,2785,
emb_scvi,9,gingiva,oropharynx,oral_scc,donor_crc,0.9644852964629459,0.9648114901256732,0.9366666666666666,0.9510990990990992,0.0,1.2213196374495459,0.0,10,2785,
emb_scvi,10,gingiva,oropharynx,oral_scc,cell_pooled,0.7938466444479921,0.7945304066210868,0.5333333333333333,0.613939393939394,0.4,0.8286434016688846,0.1698452680820439,10,2779,0.8942965779467681
emb_scvi,10,gingiva,oropharynx,oral_scc,donor_weighted,0.793473510119634,0.7941705649514214,0.5333333333333333,0.613939393939394,0.4,0.8282702673405264,0.17020510975170924,10,2779,
emb_scvi,10,gingiva,oropharynx,oral_scc,donor_crc,0.9653843631017616,0.965815041381792,0.9259259259259259,0.9265925925925925,0.0,1.5123094716428898,0.0,10,2779,
emb_scvi,11,gingiva,oropharynx,oral_scc,cell_pooled,0.8722022079472487,0.8718405126379495,0.6733333333333333,0.7970630630630631,0.1,0.9045375227834237,0.09398362406550374,10,2809,0.8980988593155893
emb_scvi,11,gingiva,oropharynx,oral_scc,donor_weighted,0.8718677597867135,0.8714845140619437,0.6733333333333333,0.7970630630630631,0.1,0.9035110248144594,0.09505161979352082,10,2809,
emb_scvi,11,gingiva,oropharynx,oral_scc,donor_crc,0.9701481183529787,0.970808116767533,0.9533333333333334,0.9544242424242425,0.0,1.3588934570403597,0.0,10,2809,
emb_scvi,12,gingiva,oropharynx,oral_scc,cell_pooled,0.8095683522713714,0.8111031002162942,0.6161616161616161,0.6862430272878034,0.4,0.84305146869762,0.15465032444124008,10,2774,0.9049429657794676
emb_scvi,12,gingiva,oropharynx,oral_scc,donor_weighted,0.8050625417429709,0.8067772170151406,0.6094276094276094,0.6721367907935072,0.4,0.8385456581692197,0.15897620764239365,10,2774,
emb_scvi,12,gingiva,oropharynx,oral_scc,donor_crc,0.9744405006315933,0.9747656813266041,0.9427609427609428,0.9577896077896078,0.0,1.432256798480986,0.0,10,2774,
emb_scvi,13,gingiva,oropharynx,oral_scc,cell_pooled,0.8252063690297622,0.828909612625538,0.6902356902356902,0.7527898027898028,0.4,0.8550005289086882,0.1402439024390244,10,2788,0.9011406844106464
emb_scvi,13,gingiva,oropharynx,oral_scc,donor_weighted,0.8245352205325267,0.8281922525107605,0.6868686868686869,0.7524531024531025,0.4,0.8543293804114527,0.140961262553802,10,2788,
emb_scvi,13,gingiva,oropharynx,oral_scc,donor_crc,0.963965343590624,0.9637733142037302,0.936026936026936,0.9419135044135044,0.0,1.369717807587659,0.0,10,2788,
emb_scvi,14,gingiva,oropharynx,oral_scc,cell_pooled,0.8448097716310276,0.844796543032049,0.6666666666666666,0.7751126126126127,0.2,0.8806730843515904,0.117392870003601,10,2777,0.8988593155893536
emb_scvi,14,gingiva,oropharynx,oral_scc,donor_weighted,0.8427540021101987,0.8426359380626576,0.66,0.774445945945946,0.2,0.8779086100326043,0.12027367662945625,10,2777,
emb_scvi,14,gingiva,oropharynx,oral_scc,donor_crc,0.9644912311862093,0.9647101188332733,0.9391891891891891,0.9399189189189189,0.0,1.3857189966557653,0.0,10,2777,
emb_scvi,15,gingiva,oropharynx,oral_scc,cell_pooled,0.8100054216596151,0.8094380403458213,0.54,0.7297575757575758,0.4,0.8219755118546941,0.17795389048991356,10,2776,0.8844106463878327
emb_scvi,15,gingiva,oropharynx,oral_scc,donor_weighted,0.8096605940734083,0.8090778097982709,0.54,0.7297575757575758,0.4,0.8212939839317868,0.1786743515850144,10,2776,
emb_scvi,15,gingiva,oropharynx,oral_scc,donor_crc,0.9722113280510178,0.9726224783861671,0.94,0.958935064935065,0.0,1.351305077322331,0.0,10,2776,
emb_scvi,16,gingiva,oropharynx,oral_scc,cell_pooled,0.8059328088715828,0.8041756659467243,0.5833333333333334,0.625,0.4,0.8352483210277523,0.16486681065514758,10,2778,0.8897338403041825
emb_scvi,16,gingiva,oropharynx,oral_scc,donor_weighted,0.8045834994548071,0.802735781137509,0.5833333333333334,0.6219696969696971,0.4,0.8325544397664046,0.1677465802735781,10,2778,
emb_scvi,16,gingiva,oropharynx,oral_scc,donor_crc,0.9715322606781385,0.9715622750179985,0.9333333333333333,0.9448484848484848,0.0,1.3605547084578193,0.0,10,2778,
emb_scvi,17,gingiva,oropharynx,oral_scc,cell_pooled,0.7520218358949535,0.7525071633237822,0.4533333333333333,0.6029090909090908,0.5,0.779667538352732,0.2184813753581662,10,2792,0.8836501901140684
emb_scvi,17,gingiva,oropharynx,oral_scc,donor_weighted,0.7510173540643847,0.751432664756447,0.45,0.5995454545454545,0.5,0.7783263561854628,0.21991404011461319,10,2792,
emb_scvi,17,gingiva,oropharynx,oral_scc,donor_crc,0.9640659360681921,0.964541547277937,0.9166666666666666,0.9340909090909091,0.0,1.362698341698526,0.0,10,2792,
emb_scvi,18,gingiva,oropharynx,oral_scc,cell_pooled,0.8858218208487584,0.8861671469740634,0.7306397306397306,0.8088747838747838,0.1,0.9563765932169099,0.04106628242074928,10,2776,0.9034220532319391
emb_scvi,18,gingiva,oropharynx,oral_scc,donor_weighted,0.8834566184743279,0.8836455331412104,0.7239057239057239,0.8021203021203022,0.1,0.9519794386755948,0.0457492795389049,10,2776,
emb_scvi,18,gingiva,oropharynx,oral_scc,donor_crc,0.9776266937031295,0.9780259365994236,0.9595959595959596,0.9667388167388168,0.0,1.936391646907122,0.0,10,2776,
emb_scvi,19,gingiva,oropharynx,oral_scc,cell_pooled,0.8126980306341297,0.8116672668347137,0.56,0.6863030303030303,0.4,0.8338342352717065,0.16636658264314008,10,2777,0.9110266159695818
emb_scvi,19,gingiva,oropharynx,oral_scc,donor_weighted,0.8123646973007963,0.8113071660064818,0.5566666666666666,0.685969696969697,0.4,0.8331630641005354,0.16708678429960389,10,2777,
emb_scvi,19,gingiva,oropharynx,oral_scc,donor_crc,0.9654261148507095,0.965790421317969,0.9233333333333333,0.9468787878787879,0.0,1.2508358794064693,0.0,10,2777,
emb_scvi,20,gingiva,oropharynx,oral_scc,cell_pooled,0.8725834373192762,0.8719512195121951,0.7166666666666667,0.7413636363636364,0.2,0.9382914615464687,0.061991869918699184,10,2952,0.8920152091254753
emb_scvi,20,gingiva,oropharynx,oral_scc,donor_weighted,0.8702217747162344,0.869579945799458,0.7133333333333334,0.7258787878787879,0.2,0.9335620961332577,0.06673441734417344,10,2952,
emb_scvi,20,gingiva,oropharynx,oral_scc,donor_crc,0.9878862617403754,0.9878048780487805,0.9566666666666667,0.9714242424242424,0.0,2.225981466599344,0.0,10,2952,
emb_scvi,21,gingiva,oropharynx,oral_scc,cell_pooled,0.8445975831917467,0.8446846846846847,0.6835016835016835,0.7676744926744926,0.2,0.86509137675161,0.1336936936936937,10,2775,0.888212927756654
emb_scvi,21,gingiva,oropharynx,oral_scc,donor_weighted,0.8445975831917467,0.8446846846846847,0.6835016835016835,0.7676744926744926,0.2,0.86509137675161,0.1336936936936937,10,2775,
emb_scvi,21,gingiva,oropharynx,oral_scc,donor_crc,0.9604286770074524,0.9603603603603603,0.9459459459459459,0.9461097461097462,0.0,1.2244845528568884,0.0,10,2775,
emb_scvi,22,gingiva,oropharynx,oral_scc,cell_pooled,0.8734432942554553,0.8733812949640288,0.6766666666666666,0.7737272727272727,0.2,0.9248087959026323,0.0737410071942446,10,2780,0.8927756653992396
emb_scvi,22,gingiva,oropharynx,oral_scc,donor_weighted,0.8713603477838003,0.8712230215827338,0.6733333333333333,0.7733939393939394,0.2,0.9203356241919749,0.07841726618705036,10,2780,
emb_scvi,22,gingiva,oropharynx,oral_scc,donor_crc,0.9769991441026569,0.9773381294964029,0.9366666666666666,0.9644458874458874,0.0,1.557048316495398,0.0,10,2780,
emb_scvi,23,gingiva,oropharynx,oral_scc,cell_pooled,0.791942801478649,0.7914265129682997,0.5733333333333334,0.6967272727272728,0.7,0.8068418959471787,0.19344380403458214,10,2776,0.9178707224334601
emb_scvi,23,gingiva,oropharynx,oral_scc,donor_weighted,0.7916061011419486,0.7910662824207493,0.5733333333333334,0.6936969696969697,0.7,0.8065051956104783,0.19380403458213258,10,2776,
emb_scvi,23,gingiva,oropharynx,oral_scc,donor_crc,0.9590353762868279,0.9596541786743515,0.9366666666666666,0.9391212121212121,0.0,1.1865654752312902,0.0,10,2776,
emb_scvi,24,gingiva,oropharynx,oral_scc,cell_pooled,0.8307186096235846,0.8309608540925267,0.5733333333333334,0.7088484848484848,0.2,0.8488393828082961,0.1505338078291815,10,2810,0.9026615969581749
emb_scvi,24,gingiva,oropharynx,oral_scc,donor_weighted,0.8303713874013623,0.8306049822064057,0.5733333333333334,0.7088484848484848,0.2,0.8484921605860738,0.15088967971530248,10,2810,
emb_scvi,24,gingiva,oropharynx,oral_scc,donor_crc,0.9728778386334345,0.9733096085409253,0.93,0.957935064935065,0.0,1.1968363924737977,0.0,10,2810,
emb_scvi,25,gingiva,oropharynx,oral_scc,cell_pooled,0.8493320794506021,0.8523706896551724,0.7239057239057239,0.7507487813457963,0.4,0.8675296784679329,0.12895114942528735,10,2784,0.8935361216730038
emb_scvi,25,gingiva,oropharynx,oral_scc,donor_weighted,0.8489942416127644,0.8520114942528736,0.7239057239057239,0.7507487813457963,0.4,0.867191840630095,0.12931034482758622,10,2784,
emb_scvi,25,gingiva,oropharynx,oral_scc,donor_crc,0.9752430810335195,0.975933908045977,0.9594594594594594,0.9608810108810109,0.0,1.3195813041202213,0.0,10,2784,
emb_scvi,26,gingiva,oropharynx,oral_scc,cell_pooled,0.7444018877439584,0.7423423423423423,0.43666666666666665,0.5376060606060606,0.5,0.774743191266903,0.22594594594594594,10,2775,0.905703422053232
emb_scvi,26,gingiva,oropharynx,oral_scc,donor_weighted,0.7426477778109444,0.7405405405405405,0.43666666666666665,0.5345757575757576,0.5,0.7729890813338891,0.22774774774774775,10,2775,
emb_scvi,26,gingiva,oropharynx,oral_scc,donor_crc,0.9626725851574326,0.9621621621621622,0.9225589225589226,0.9232558922558922,0.0,1.3521263276600455,0.0,10,2775,
emb_scvi,27,gingiva,oropharynx,oral_scc,cell_pooled,0.8093651650226554,0.8069800569800569,0.55,0.6125757575757576,0.3,0.8437257070444512,0.15669515669515668,10,2808,0.905703422053232
emb_scvi,27,gingiva,oropharynx,oral_scc,donor_weighted,0.808021745718921,0.8055555555555556,0.55,0.6065151515151516,0.3,0.8423822877407169,0.1581196581196581,10,2808,
emb_scvi,27,gingiva,oropharynx,oral_scc,donor_crc,0.962706236475791,0.9622507122507122,0.9191919191919192,0.9439191919191919,0.0,1.3651809697085098,0.0,10,2808,
emb_scvi,28,gingiva,oropharynx,oral_scc,cell_pooled,0.8013450361867923,0.8016381766381766,0.58,0.6034545454545455,0.4,0.8421202466901152,0.15527065527065528,10,2808,0.8935361216730038
emb_scvi,28,gingiva,oropharynx,oral_scc,donor_weighted,0.8013450361867923,0.8016381766381766,0.58,0.6034545454545455,0.4,0.8421202466901152,0.15527065527065528,10,2808,
emb_scvi,28,gingiva,oropharynx,oral_scc,donor_crc,0.9596312298795558,0.959045584045584,0.8821548821548821,0.930445217945218,0.0,1.411899616939332,0.0,10,2808,
emb_scvi,29,gingiva,oropharynx,oral_scc,cell_pooled,0.8711472048241555,0.8703770197486534,0.73,0.7578484848484849,0.2,0.9373842339701927,0.06104129263913824,10,2785,0.9193916349809886
emb_scvi,29,gingiva,oropharynx,oral_scc,donor_weighted,0.8678004559681787,0.8671454219030521,0.7233333333333334,0.7480909090909091,0.2,0.9323768883193907,0.06570915619389588,10,2785,
emb_scvi,29,gingiva,oropharynx,oral_scc,donor_crc,0.9783562859076607,0.9788150807899462,0.9675324675324676,0.9694805194805195,0.0,2.090263929696891,0.0,10,2785,
emb_scvi,30,gingiva,oropharynx,oral_scc,cell_pooled,0.8767849328269983,0.8760360360360361,0.7138047138047138,0.7859074984074984,0.2,0.9392924224347233,0.0590990990990991,10,2775,0.9034220532319391
emb_scvi,30,gingiva,oropharynx,oral_scc,donor_weighted,0.8747635933056589,0.8738738738738738,0.696969696969697,0.7811834561834562,0.2,0.9365623781152269,0.06198198198198198,10,2775,
emb_scvi,30,gingiva,oropharynx,oral_scc,donor_crc,0.9643639809988331,0.963963963963964,0.9292929292929293,0.9412401037401037,0.0,1.5865975848859581,0.0,10,2775,
emb_scvi,31,gingiva,oropharynx,oral_scc,cell_pooled,0.8716288577207265,0.8736501079913607,0.7171717171717171,0.8197691197691198,0.1,0.8972179799664681,0.10115190784737221,10,2778,0.9026615969581749
emb_scvi,31,gingiva,oropharynx,oral_scc,donor_weighted,0.8716288577207265,0.8736501079913607,0.7171717171717171,0.8197691197691198,0.1,0.8972179799664681,0.10115190784737221,10,2778,
emb_scvi,31,gingiva,oropharynx,oral_scc,donor_crc,0.9721652827648508,0.9730021598272138,0.9528619528619529,0.9543771043771044,0.0,1.335156074745237,0.0,10,2778,
emb_scvi,32,gingiva,oropharynx,oral_scc,cell_pooled,0.8062676917645973,0.8065092989985694,0.5133333333333333,0.7196169154228855,0.5,0.8242664100416539,0.17489270386266095,10,2796,0.9072243346007605
emb_scvi,32,gingiva,oropharynx,oral_scc,donor_weighted,0.804888938104533,0.8050786838340487,0.51,0.7159253731343284,0.5,0.8228876563815894,0.17632331902718168,10,2796,
emb_scvi,32,gingiva,oropharynx,oral_scc,donor_crc,0.9696590455306622,0.9706723891273248,0.92,0.9452467532467532,0.0,1.2864828916218234,0.0,10,2796,
emb_scvi,33,gingiva,oropharynx,oral_scc,cell_pooled,0.898544746341418,0.8991717680950666,0.8108108108108109,0.8702601855586931,0.0,0.9317186565621226,0.06661865322290242,10,2777,0.911787072243346
emb_scvi,33,gingiva,oropharynx,oral_scc,donor_weighted,0.8975402795505492,0.8980914656103709,0.8108108108108109,0.8702601855586931,0.0,0.9307141897712539,0.06769895570759812,10,2777,
emb_scvi,33,gingiva,oropharynx,oral_scc,donor_crc,0.9722731227899508,0.9729924378826071,0.9545454545454546,0.9622330689444784,0.0,1.3722301634360692,0.0,10,2777,
emb_scvi,34,gingiva,oropharynx,oral_scc,cell_pooled,0.842760938460826,0.8422190201729106,0.7003367003367004,0.70603367003367,0.3,0.877469109927152,0.12139769452449568,10,2776,0.908745247148289
emb_scvi,34,gingiva,oropharynx,oral_scc,donor_weighted,0.8420429765462609,0.8414985590778098,0.7003367003367004,0.70603367003367,0.3,0.8764155775427881,0.12247838616714697,10,2776,
emb_scvi,34,gingiva,oropharynx,oral_scc,donor_crc,0.973601520628339,0.9740634005763689,0.9528619528619529,0.9532861952861953,0.0,1.4179086178421072,0.0,10,2776,
emb_scvi,35,gingiva,oropharynx,oral_scc,cell_pooled,0.8061448167174563,0.8054054054054054,0.55,0.6610606060606061,0.4,0.8431991955355225,0.1563963963963964,10,2775,0.8752851711026616
emb_scvi,35,gingiva,oropharynx,oral_scc,donor_weighted,0.804764948382364,0.803963963963964,0.5466666666666666,0.6546666666666666,0.4,0.8414814893625924,0.1581981981981982,10,2775,
emb_scvi,35,gingiva,oropharynx,oral_scc,donor_crc,0.9660337060456307,0.9657657657657658,0.92,0.9495757575757576,0.0,1.338027334981737,0.0,10,2775,
emb_scvi,36,gingiva,oropharynx,oral_scc,cell_pooled,0.8307817824170762,0.8295495495495495,0.6633333333333333,0.7208787878787879,0.3,0.8658256194742433,0.1344144144144144,10,2775,0.8942965779467681
emb_scvi,36,gingiva,oropharynx,oral_scc,donor_weighted,0.8300978598581537,0.8288288288288288,0.6633333333333333,0.7178484848484848,0.3,0.8651416969153207,0.13513513513513514,10,2775,
emb_scvi,36,gingiva,oropharynx,oral_scc,donor_crc,0.9640762621487392,0.9646846846846847,0.9433333333333334,0.9475800865800865,0.0,1.3891834439122885,0.0,10,2775,
emb_scvi,37,gingiva,oropharynx,oral_scc,cell_pooled,0.8302743875080429,0.8339935181850918,0.6902985074626866,0.734908229124647,0.4,0.8545717519740318,0.14079942383867483,10,2777,0.9140684410646388
emb_scvi,37,gingiva,oropharynx,oral_scc,donor_weighted,0.8299012531796848,0.8336334173568599,0.6865671641791045,0.7345350947962889,0.4,0.8535492669963229,0.14151962549513863,10,2777,
emb_scvi,37,gingiva,oropharynx,oral_scc,donor_crc,0.9714480093224885,0.9722722362261433,0.9527027027027027,0.9543611793611794,0.0,1.3018979058810332,0.0,10,2777,
emb_scvi,38,gingiva,oropharynx,oral_scc,cell_pooled,0.8277888031748469,0.8261025457153102,0.6533333333333333,0.6835151515151515,0.3,0.8848907856066288,0.11366081032628182,10,2789,0.8897338403041825
emb_scvi,38,gingiva,oropharynx,oral_scc,donor_weighted,0.8267422605388521,0.82502689135891,0.6533333333333333,0.6835151515151515,0.3,0.883844242970634,0.11473646468268196,10,2789,
emb_scvi,38,gingiva,oropharynx,oral_scc,donor_crc,0.9569937714765466,0.9562567228397275,0.9225589225589226,0.9436072436072436,0.0,1.5750816955796663,0.0,10,2789,
emb_scvi,39,gingiva,oropharynx,oral_scc,cell_pooled,0.8500461161377804,0.8503207412687099,0.6464646464646465,0.7548491673491674,0.2,0.8878374668711458,0.1097647897362794,10,2806,0.9079847908745247
emb_scvi,39,gingiva,oropharynx,oral_scc,donor_weighted,0.8500461161377804,0.8503207412687099,0.6464646464646465,0.7548491673491674,0.2,0.8878374668711458,0.1097647897362794,10,2806,
emb_scvi,39,gingiva,oropharynx,oral_scc,donor_crc,0.9599554428106154,0.9593727726300784,0.9124579124579124,0.9365160615160615,0.0,1.264356820806098,0.0,10,2806,
emb_scvi,40,gingiva,oropharynx,oral_scc,cell_pooled,0.7366842072703105,0.7354838709677419,0.45,0.5359090909090909,0.7,0.7689951269252244,0.23118279569892472,10,2790,0.9171102661596958
emb_scvi,40,gingiva,oropharynx,oral_scc,donor_weighted,0.7366842072703105,0.7354838709677419,0.45,0.5359090909090909,0.7,0.7689951269252244,0.23118279569892472,10,2790,
emb_scvi,40,gingiva,oropharynx,oral_scc,donor_crc,0.9658342476765632,0.9663082437275986,0.9124579124579124,0.9282457912457913,0.0,1.6138157102139363,0.0,10,2790,
emb_scvi,41,gingiva,oropharynx,oral_scc,cell_pooled,0.8138880752662802,0.813013698630137,0.5933333333333334,0.6653939393939394,0.4,0.8333358816862031,0.16746575342465753,10,2920,0.8851711026615969
emb_scvi,41,gingiva,oropharynx,oral_scc,donor_weighted,0.8122124298221782,0.8113013698630137,0.5866666666666667,0.6647272727272727,0.4,0.8316602362421012,0.16917808219178082,10,2920,
emb_scvi,41,gingiva,oropharynx,oral_scc,donor_crc,0.97956079697532,0.9794520547945206,0.9533333333333334,0.9650303030303031,0.0,1.296100619573928,0.0,10,2920,
emb_scvi,42,gingiva,oropharynx,oral_scc,cell_pooled,0.8170524679933872,0.8206697875405113,0.6865671641791045,0.7010891488503429,0.4,0.8386461428064169,0.15844436442203816,10,2777,0.908745247148289
emb_scvi,42,gingiva,oropharynx,oral_scc,donor_weighted,0.8160294794876402,0.8195894850558156,0.6865671641791045,0.7010891488503429,0.4,0.8369449933811296,0.1602448685631977,10,2777,
emb_scvi,42,gingiva,oropharynx,oral_scc,donor_crc,0.9727499473808298,0.9740727403673028,0.948051948051948,0.9583187083187082,0.0,1.2363221188800093,0.0,10,2777,
emb_scvi,43,gingiva,oropharynx,oral_scc,cell_pooled,0.8572509465638147,0.8583783783783784,0.6936026936026936,0.7869278369278369,0.2,0.875070599734985,0.12288288288288288,10,2775,0.905703422053232
emb_scvi,43,gingiva,oropharynx,oral_scc,donor_weighted,0.8552156122772654,0.8562162162162162,0.6902356902356902,0.7835505960505961,0.2,0.8726985651117356,0.1254054054054054,10,2775,
emb_scvi,43,gingiva,oropharynx,oral_scc,donor_crc,0.9748966335248372,0.9758558558558559,0.9545454545454546,0.9620085995085995,0.0,1.2425341331936388,0.0,10,2775,
emb_scvi,44,gingiva,oropharynx,oral_scc,cell_pooled,0.8375066704993488,0.8375179340028694,0.5966666666666667,0.6778484848484848,0.2,0.870547897106924,0.12804878048780488,10,2788,0.8745247148288974
emb_scvi,44,gingiva,oropharynx,oral_scc,donor_weighted,0.836836651869015,0.8368005738880918,0.5966666666666667,0.6778484848484848,0.2,0.8698778784765903,0.12876614060258249,10,2788,
emb_scvi,44,gingiva,oropharynx,oral_scc,donor_crc,0.9625793554071593,0.9626972740315638,0.9326599326599326,0.9332659932659932,0.0,1.3452190803052404,0.0,10,2788,
emb_scvi,45,gingiva,oropharynx,oral_scc,cell_pooled,0.836558797233276,0.8368155619596542,0.6466666666666666,0.7555757575757576,0.3,0.858437813057231,0.14048991354466858,10,2776,0.9034220532319391
emb_scvi,45,gingiva,oropharynx,oral_scc,donor_weighted,0.8361856629049178,0.8364553314121037,0.6466666666666666,0.7555757575757576,0.3,0.8580646787288728,0.14085014409221902,10,2776,
emb_scvi,45,gingiva,oropharynx,oral_scc,donor_crc,0.9640506765221291,0.9639769452449568,0.93,0.9473918918918919,0.0,1.219276095969469,0.0,10,2776,
emb_scvi,46,gingiva,oropharynx,oral_scc,cell_pooled,0.8601569788372874,0.8610010803024847,0.68,0.7855675675675675,0.2,0.887301182478617,0.11127115592365862,10,2777,0.9133079847908745
emb_scvi,46,gingiva,oropharynx,oral_scc,donor_weighted,0.85880767697815,0.8595606769895571,0.6766666666666666,0.7852342342342342,0.2,0.8856140427816417,0.11307166006481816,10,2777,
emb_scvi,46,gingiva,oropharynx,oral_scc,donor_crc,0.9758781748541079,0.9762333453366943,0.9566666666666667,0.9652612612612613,0.0,1.4184155545336925,0.0,10,2777,
emb_scvi,47,gingiva,oropharynx,oral_scc,cell_pooled,0.8824194432578898,0.8842143113987774,0.7,0.8238961038961039,0.1,0.8995247238719356,0.09780654440848616,10,2781,0.9193916349809886
emb_scvi,47,gingiva,oropharynx,oral_scc,donor_weighted,0.8817366505658688,0.883495145631068,0.7,0.8238961038961039,0.1,0.8988419311799147,0.09852571017619562,10,2781,
emb_scvi,47,gingiva,oropharynx,oral_scc,donor_crc,0.9756304312352544,0.9766271125494427,0.9533333333333334,0.9544242424242425,0.0,1.2415878647588512,0.0,10,2781,
emb_scvi,48,gingiva,oropharynx,oral_scc,cell_pooled,0.8375298681078911,0.8375179340028694,0.6936026936026936,0.7595629720629721,0.2,0.8774333477023243,0.12051649928263988,10,2788,0.8950570342205323
emb_scvi,48,gingiva,oropharynx,oral_scc,donor_weighted,0.8368402129354774,0.8368005738880918,0.6936026936026936,0.7595629720629721,0.2,0.8767436925299105,0.1212338593974175,10,2788,
emb_scvi,48,gingiva,oropharynx,oral_scc,donor_crc,0.957021027849477,0.9569583931133429,0.9259259259259259,0.9378628628628628,0.0,1.3523782222146319,0.0,10,2788,
emb_scvi,49,gingiva,oropharynx,oral_scc,cell_pooled,0.8736427638196703,0.8708751793400287,0.76,0.7669090909090909,0.2,0.9337528831807003,0.0663558106169297,10,2788,0.9072243346007605
emb_scvi,49,gingiva,oropharynx,oral_scc,donor_weighted,0.8699809365236147,0.8676470588235294,0.7533333333333333,0.7601818181818182,0.2,0.9284315965909574,0.07101865136298421,10,2788,
emb_scvi,49,gingiva,oropharynx,oral_scc,donor_crc,0.9771119743218337,0.977403156384505,0.9595959595959596,0.9667388167388168,0.0,1.7113063997596352,0.0,10,2788,
emb_scvi,50,gingiva,oropharynx,oral_scc,cell_pooled,0.7928265935167409,0.7901367890568755,0.5266666666666666,0.6738787878787879,0.4,0.8224079974804063,0.17962562994960404,10,2778,0.9011406844106464
emb_scvi,50,gingiva,oropharynx,oral_scc,donor_weighted,0.7921201258550494,0.7894168466522679,0.5266666666666666,0.6738787878787879,0.4,0.8217015298187146,0.18034557235421167,10,2778,
emb_scvi,50,gingiva,oropharynx,oral_scc,donor_crc,0.9614346536802174,0.9614830813534917,0.91,0.9393108108108108,0.0,1.263282302845428,0.0,10,2778,
emb_scvi,51,gingiva,oropharynx,oral_scc,cell_pooled,0.8043998131210067,0.80355871886121,0.5633333333333334,0.623,0.4,0.822524442990286,0.17793594306049823,10,2810,0.8996197718631179
emb_scvi,51,gingiva,oropharynx,oral_scc,donor_weighted,0.8033814424015491,0.802491103202847,0.5633333333333334,0.6199696969696971,0.4,0.8215060722708284,0.1790035587188612,10,2810,
emb_scvi,51,gingiva,oropharynx,oral_scc,donor_crc,0.9668199222166413,0.9676156583629894,0.9366666666666666,0.9391212121212121,0.0,1.3317511359154788,0.0,10,2810,
emb_scvi,52,gingiva,oropharynx,oral_scc,cell_pooled,0.8351825718166783,0.835192515293271,0.5733333333333334,0.7391515151515151,0.3,0.8631396542973843,0.13602015113350127,10,2779,0.911787072243346
emb_scvi,52,gingiva,oropharynx,oral_scc,donor_weighted,0.8341653159244224,0.8341129902842749,0.57,0.7357878787878788,0.3,0.862122398405128,0.1370996761424973,10,2779,
emb_scvi,52,gingiva,oropharynx,oral_scc,donor_crc,0.9732943429752359,0.9733717164447643,0.9333333333333333,0.9622988505747126,0.0,1.4068803536623322,0.0,10,2779,
emb_scvi,53,gingiva,oropharynx,oral_scc,cell_pooled,0.8205897509824414,0.8196022727272727,0.5466666666666666,0.6607272727272727,0.3,0.8406963588422226,0.15944602272727273,10,2816,0.9064638783269962
emb_scvi,53,gingiva,oropharynx,oral_scc,donor_weighted,0.8195691204525828,0.8185369318181818,0.5466666666666666,0.6607272727272727,0.3,0.8396757283123639,0.16051136363636365,10,2816,
emb_scvi,53,gingiva,oropharynx,oral_scc,donor_crc,0.9661569672838276,0.9659090909090909,0.9366666666666666,0.9391212121212121,0.0,1.2963855995711115,0.0,10,2816,
emb_scvi,54,gingiva,oropharynx,oral_scc,cell_pooled,0.8431118229193485,0.84454839870457,0.61,0.7664054054054054,0.3,0.8792831669574739,0.1180280676502339,10,2779,0.8806083650190114
emb_scvi,54,gingiva,oropharynx,oral_scc,donor_weighted,0.8424406517481773,0.8438287153652393,0.6066666666666667,0.7630315315315315,0.3,0.878276425316504,0.11910759265922993,10,2779,
emb_scvi,54,gingiva,oropharynx,oral_scc,donor_crc,0.9674070222991051,0.9672544080604534,0.9366666666666666,0.9389369369369369,0.0,1.387770014264972,0.0,10,2779,
emb_scvi,55,gingiva,oropharynx,oral_scc,cell_pooled,0.8306393174797781,0.8299692097160452,0.5833333333333334,0.7546171171171172,0.2,0.8498572268757323,0.1508723913787205,10,2923,0.8859315589353612
emb_scvi,55,gingiva,oropharynx,oral_scc,donor_weighted,0.8299636418041025,0.8292849811837154,0.5833333333333334,0.748536036036036,0.2,0.8491815512000567,0.1515566199110503,10,2923,
emb_scvi,55,gingiva,oropharynx,oral_scc,donor_crc,0.9758455363235339,0.9757098871022921,0.9655172413793104,0.9661463187325257,0.0,1.374203753868826,0.0,10,2923,
emb_scvi,56,gingiva,oropharynx,oral_scc,cell_pooled,0.8247029696252953,0.8235923022095509,0.6430976430976431,0.7271476021476022,0.3,0.8577710553653825,0.14148253741981467,10,2806,0.8889733840304183
emb_scvi,56,gingiva,oropharynx,oral_scc,donor_weighted,0.8223168886136069,0.8210976478973628,0.6363636363636364,0.7234336609336609,0.3,0.8547138334140966,0.14468995010691377,10,2806,
emb_scvi,56,gingiva,oropharynx,oral_scc,donor_crc,0.9627033129621199,0.9629365645046329,0.9461279461279462,0.9462906469617879,0.0,1.3328056021746064,0.0,10,2806,
emb_scvi,57,gingiva,oropharynx,oral_scc,cell_pooled,0.8746990186328774,0.8731988472622478,0.7744107744107744,0.7798059423059422,0.2,0.9195457478719689,0.08177233429394813,10,2776,0.8973384030418251
emb_scvi,57,gingiva,oropharynx,oral_scc,donor_weighted,0.872239570829497,0.8706772334293948,0.7710437710437711,0.7794692419692419,0.2,0.9150474034133126,0.08645533141210375,10,2776,
emb_scvi,57,gingiva,oropharynx,oral_scc,donor_crc,0.9780486297364064,0.979106628242075,0.9545454545454546,0.956060606060606,0.0,1.5082875243483795,0.0,10,2776,
emb_scvi,58,gingiva,oropharynx,oral_scc,cell_pooled,0.8268651851858664,0.825880758807588,0.61,0.6700909090909091,0.3,0.8777485969078833,0.12296747967479675,10,2952,0.8958174904942966
emb_scvi,58,gingiva,oropharynx,oral_scc,donor_weighted,0.8261812626269437,0.8252032520325203,0.61,0.6670606060606061,0.3,0.8757201025043889,0.125,10,2952,
emb_scvi,58,gingiva,oropharynx,oral_scc,donor_crc,0.9642681925808116,0.9640921409214093,0.9324324324324325,0.9332432432432433,0.0,1.390918602190111,0.0,10,2952,
emb_scvi,59,gingiva,oropharynx,oral_scc,cell_pooled,0.8929759718082255,0.8920474991003958,0.75,0.8108108108108107,0.1,0.9521572312767587,0.04749910039582584,10,2779,0.8935361216730038
emb_scvi,59,gingiva,oropharynx,oral_scc,donor_weighted,0.8919494738392613,0.8909679740913998,0.75,0.8108108108108107,0.1,0.9504640666411278,0.04929830874415257,10,2779,
emb_scvi,59,gingiva,oropharynx,oral_scc,donor_crc,0.9831816286151153,0.9838071248650594,0.96,0.9667792207792208,0.0,1.8748084429282805,0.0,10,2779,
