donor_sd,donors_per_group,labeled_per_group,cell_type,true_diff,method,ci_coverage,mean_ci_width,nominal
0.5,12,4,0,0.08,naive_plugin,0.9266666666666666,0.13934302428726433,0.95
0.5,12,4,1,-0.08,naive_plugin,0.7866666666666666,0.10278638632127525,0.95
0.5,12,4,2,0.0,naive_plugin,0.94,0.12582525776103548,0.95
0.5,12,4,0,0.08,cell_pooled,0.41333333333333333,0.04382672330184392,0.95
0.5,12,4,1,-0.08,cell_pooled,0.32666666666666666,0.03339851447882097,0.95
0.5,12,4,2,0.0,cell_pooled,0.43333333333333335,0.0396241423274495,0.95
0.5,12,4,0,0.08,confusion_proxy,0.8733333333333333,0.210435753068699,0.95
0.5,12,4,1,-0.08,confusion_proxy,0.8533333333333334,0.1574376961074233,0.95
0.5,12,4,2,0.0,confusion_proxy,0.88,0.1600151150952957,0.95
0.5,12,4,0,0.08,ppi_donor,0.9866666666666667,0.25556265910257964,0.95
0.5,12,4,1,-0.08,ppi_donor,0.9733333333333334,0.203351150835606,0.95
0.5,12,4,2,0.0,ppi_donor,0.9666666666666667,0.22656772844992276,0.95
0.5,12,8,0,0.08,naive_plugin,0.9066666666666666,0.13111728806493173,0.95
0.5,12,8,1,-0.08,naive_plugin,0.9533333333333334,0.12289130526917577,0.95
0.5,12,8,2,0.0,naive_plugin,0.9533333333333334,0.12158920650532136,0.95
0.5,12,8,0,0.08,cell_pooled,0.34,0.040161078623649815,0.95
0.5,12,8,1,-0.08,cell_pooled,0.38666666666666666,0.03776887449440281,0.95
0.5,12,8,2,0.0,cell_pooled,0.43333333333333335,0.037888019770683116,0.95
0.5,12,8,0,0.08,confusion_proxy,0.84,0.27527295658153283,0.95
0.5,12,8,1,-0.08,confusion_proxy,0.8466666666666667,0.19568604219118743,0.95
0.5,12,8,2,0.0,confusion_proxy,0.8733333333333333,0.19762081412622196,0.95
0.5,12,8,0,0.08,ppi_donor,0.9733333333333334,0.15989972330036525,0.95
0.5,12,8,1,-0.08,ppi_donor,0.9666666666666667,0.1318064461098744,0.95
0.5,12,8,2,0.0,ppi_donor,0.96,0.14228098255902585,0.95
0.5,24,4,0,0.08,naive_plugin,0.8066666666666666,0.09016695445353187,0.95
0.5,24,4,1,-0.08,naive_plugin,0.8733333333333333,0.08262602622203057,0.95
0.5,24,4,2,0.0,naive_plugin,0.96,0.0837011822882953,0.95
0.5,24,4,0,0.08,cell_pooled,0.25333333333333335,0.02797715920439113,0.95
0.5,24,4,1,-0.08,cell_pooled,0.3933333333333333,0.02632117986201779,0.95
0.5,24,4,2,0.0,cell_pooled,0.41333333333333333,0.02680479464570821,0.95
0.5,24,4,0,0.08,confusion_proxy,0.94,0.14419573857213105,0.95
0.5,24,4,1,-0.08,confusion_proxy,0.9133333333333333,0.1117815623954812,0.95
0.5,24,4,2,0.0,confusion_proxy,0.9333333333333333,0.10871602589347314,0.95
0.5,24,4,0,0.08,ppi_donor,0.9466666666666667,0.25662229625264216,0.95
0.5,24,4,1,-0.08,ppi_donor,0.9533333333333334,0.2003166784595804,0.95
0.5,24,4,2,0.0,ppi_donor,0.96,0.195420876712873,0.95
0.5,24,8,0,0.08,naive_plugin,0.8266666666666667,0.08698974523913444,0.95
0.5,24,8,1,-0.08,naive_plugin,0.8666666666666667,0.082678723328888,0.95
0.5,24,8,2,0.0,naive_plugin,0.9533333333333334,0.08077578183294326,0.95
0.5,24,8,0,0.08,cell_pooled,0.32,0.027887008664293944,0.95
0.5,24,8,1,-0.08,cell_pooled,0.30666666666666664,0.02597788260272648,0.95
0.5,24,8,2,0.0,cell_pooled,0.3933333333333333,0.026608940788915732,0.95
0.5,24,8,0,0.08,confusion_proxy,0.8866666666666667,0.15531976188332858,0.95
0.5,24,8,1,-0.08,confusion_proxy,0.94,0.12080380153947007,0.95
0.5,24,8,2,0.0,confusion_proxy,0.94,0.11576565347760237,0.95
0.5,24,8,0,0.08,ppi_donor,0.96,0.14285742758976505,0.95
0.5,24,8,1,-0.08,ppi_donor,0.9466666666666667,0.11737530659177157,0.95
0.5,24,8,2,0.0,ppi_donor,0.96,0.1231366722298141,0.95
0.5,48,4,0,0.08,naive_plugin,0.7333333333333333,0.06434043272955078,0.95
0.5,48,4,1,-0.08,naive_plugin,0.7533333333333333,0.054548420684204284,0.95
0.5,48,4,2,0.0,naive_plugin,0.94,0.06254451396560311,0.95
0.5,48,4,0,0.08,cell_pooled,0.2,0.020451358765797005,0.95
0.5,48,4,1,-0.08,cell_pooled,0.26666666666666666,0.01774187703578888,0.95
0.5,48,4,2,0.0,cell_pooled,0.42,0.02006628820117358,0.95
0.5,48,4,0,0.08,confusion_proxy,0.92,0.10156302995805004,0.95
0.5,48,4,1,-0.08,confusion_proxy,0.9133333333333333,0.07384148465905005,0.95
0.5,48,4,2,0.0,confusion_proxy,0.9533333333333334,0.07691600207135833,0.95
0.5,48,4,0,0.08,ppi_donor,0.9666666666666667,0.23603024886563148,0.95
0.5,48,4,1,-0.08,ppi_donor,0.9733333333333334,0.18965656740774284,0.95
0.5,48,4,2,0.0,ppi_donor,0.96,0.19992889248789011,0.95
0.5,48,8,0,0.08,naive_plugin,0.6466666666666666,0.06278629149664,0.95
0.5,48,8,1,-0.08,naive_plugin,0.46,0.04815910763163236,0.95
0.5,48,8,2,0.0,naive_plugin,0.9266666666666666,0.06407910018884266,0.95
0.5,48,8,0,0.08,cell_pooled,0.17333333333333334,0.02012475681412921,0.95
0.5,48,8,1,-0.08,cell_pooled,0.14666666666666667,0.01610998872874958,0.95
0.5,48,8,2,0.0,cell_pooled,0.38,0.02037727492496019,0.95
0.5,48,8,0,0.08,confusion_proxy,0.9066666666666666,0.10773862560171528,0.95
0.5,48,8,1,-0.08,confusion_proxy,0.92,0.0756293843481909,0.95
0.5,48,8,2,0.0,confusion_proxy,0.9266666666666666,0.07976516638133278,0.95
0.5,48,8,0,0.08,ppi_donor,0.9533333333333334,0.140469465430184,0.95
0.5,48,8,1,-0.08,ppi_donor,0.9666666666666667,0.11145211699633689,0.95
0.5,48,8,2,0.0,ppi_donor,0.96,0.11932125915069544,0.95
1.0,12,4,0,0.08,naive_plugin,0.8466666666666667,0.18420656309824926,0.95
1.0,12,4,1,-0.08,naive_plugin,0.9,0.2145422598588393,0.95
1.0,12,4,2,0.0,naive_plugin,0.96,0.19936942653750955,0.95
1.0,12,4,0,0.08,cell_pooled,0.22,0.036907340922790285,0.95
1.0,12,4,1,-0.08,cell_pooled,0.26666666666666666,0.03949557060882787,0.95
1.0,12,4,2,0.0,cell_pooled,0.29333333333333333,0.03792843023835437,0.95
1.0,12,4,0,0.08,confusion_proxy,0.9333333333333333,0.4255711396127109,0.95
1.0,12,4,1,-0.08,confusion_proxy,0.92,0.33969184352818593,0.95
1.0,12,4,2,0.0,confusion_proxy,0.9266666666666666,0.3178872981023224,0.95
1.0,12,4,0,0.08,ppi_donor,0.9866666666666667,0.30162795434435774,0.95
1.0,12,4,1,-0.08,ppi_donor,0.9666666666666667,0.2396838101196908,0.95
1.0,12,4,2,0.0,ppi_donor,0.9733333333333334,0.26599133200078695,0.95
1.0,12,8,0,0.08,naive_plugin,0.86,0.19919058504228218,0.95
1.0,12,8,1,-0.08,naive_plugin,0.8733333333333333,0.19710337466140232,0.95
1.0,12,8,2,0.0,naive_plugin,0.9666666666666667,0.2535135117663731,0.95
1.0,12,8,0,0.08,cell_pooled,0.20666666666666667,0.03902090295587997,0.95
1.0,12,8,1,-0.08,cell_pooled,0.22666666666666666,0.03581318379792512,0.95
1.0,12,8,2,0.0,cell_pooled,0.26,0.044304683598886715,0.95
1.0,12,8,0,0.08,confusion_proxy,0.82,0.4824230447440085,0.95
1.0,12,8,1,-0.08,confusion_proxy,0.8533333333333334,0.39260778722203243,0.95
1.0,12,8,2,0.0,confusion_proxy,0.8933333333333333,0.40254220265670443,0.95
1.0,12,8,0,0.08,ppi_donor,0.9533333333333334,0.17403957099863224,0.95
1.0,12,8,1,-0.08,ppi_donor,0.9533333333333334,0.14230725940362499,0.95
1.0,12,8,2,0.0,ppi_donor,0.9533333333333334,0.15397184826237637,0.95
1.0,24,4,0,0.08,naive_plugin,0.8133333333333334,0.13796946857793865,0.95
1.0,24,4,1,-0.08,naive_plugin,0.7733333333333333,0.12374241210624923,0.95
1.0,24,4,2,0.0,naive_plugin,0.9466666666666667,0.1510103152538761,0.95
1.0,24,4,0,0.08,cell_pooled,0.18666666666666668,0.027954310459538466,0.95
1.0,24,4,1,-0.08,cell_pooled,0.22,0.025267383904970016,0.95
1.0,24,4,2,0.0,cell_pooled,0.19333333333333333,0.029280260842338385,0.95
1.0,24,4,0,0.08,confusion_proxy,0.9133333333333333,0.28308388964482895,0.95
1.0,24,4,1,-0.08,confusion_proxy,0.8933333333333333,0.22979410316493296,0.95
1.0,24,4,2,0.0,confusion_proxy,0.9266666666666666,0.2102513312202391,0.95
1.0,24,4,0,0.08,ppi_donor,0.98,0.3066378207935204,0.95
1.0,24,4,1,-0.08,ppi_donor,0.9866666666666667,0.24457737003453114,0.95
1.0,24,4,2,0.0,ppi_donor,0.9666666666666667,0.27594896241679395,0.95
1.0,24,8,0,0.08,naive_plugin,0.8133333333333334,0.13447006793335703,0.95
1.0,24,8,1,-0.08,naive_plugin,0.8133333333333334,0.12341386976166314,0.95
1.0,24,8,2,0.0,naive_plugin,0.94,0.13457351926075256,0.95
1.0,24,8,0,0.08,cell_pooled,0.20666666666666667,0.02801509073974595,0.95
1.0,24,8,1,-0.08,cell_pooled,0.14666666666666667,0.02555833288321224,0.95
1.0,24,8,2,0.0,cell_pooled,0.2733333333333333,0.02778043188852595,0.95
1.0,24,8,0,0.08,confusion_proxy,0.94,0.31364685366258527,0.95
1.0,24,8,1,-0.08,confusion_proxy,0.92,0.228946951541919,0.95
1.0,24,8,2,0.0,confusion_proxy,0.9066666666666666,0.21371981813094124,0.95
1.0,24,8,0,0.08,ppi_donor,0.9533333333333334,0.16579238443381422,0.95
1.0,24,8,1,-0.08,ppi_donor,0.96,0.1370422194478375,0.95
1.0,24,8,2,0.0,ppi_donor,0.98,0.15234458005262544,0.95
1.0,48,4,0,0.08,naive_plugin,0.66,0.08823950470031677,0.95
1.0,48,4,1,-0.08,naive_plugin,0.7066666666666667,0.08535402244141421,0.95
1.0,48,4,2,0.0,naive_plugin,0.9333333333333333,0.08700563903095253,0.95
1.0,48,4,0,0.08,cell_pooled,0.1,0.019076970106084588,0.95
1.0,48,4,1,-0.08,cell_pooled,0.16666666666666666,0.017928463032995043,0.95
1.0,48,4,2,0.0,cell_pooled,0.3466666666666667,0.01856283903026501,0.95
1.0,48,4,0,0.08,confusion_proxy,0.9333333333333333,0.20962398454216066,0.95
1.0,48,4,1,-0.08,confusion_proxy,0.9133333333333333,0.1684559852462805,0.95
1.0,48,4,2,0.0,confusion_proxy,0.92,0.14658983173889253,0.95
1.0,48,4,0,0.08,ppi_donor,0.9866666666666667,0.3108440253277057,0.95
1.0,48,4,1,-0.08,ppi_donor,0.9666666666666667,0.24305630675324938,0.95
1.0,48,4,2,0.0,ppi_donor,0.9866666666666667,0.2762649910953513,0.95
1.0,48,8,0,0.08,naive_plugin,0.8266666666666667,0.10199478724942783,0.95
1.0,48,8,1,-0.08,naive_plugin,0.8533333333333334,0.10245349170879793,0.95
1.0,48,8,2,0.0,naive_plugin,0.9533333333333334,0.08913820702270753,0.95
1.0,48,8,0,0.08,cell_pooled,0.13333333333333333,0.020160977647083033,0.95
1.0,48,8,1,-0.08,cell_pooled,0.16,0.019457034132949236,0.95
1.0,48,8,2,0.0,cell_pooled,0.24666666666666667,0.018808600605972347,0.95
1.0,48,8,0,0.08,confusion_proxy,0.94,0.20929206251527704,0.95
1.0,48,8,1,-0.08,confusion_proxy,0.9266666666666666,0.1778728622663985,0.95
1.0,48,8,2,0.0,confusion_proxy,0.9266666666666666,0.15761292724590645,0.95
1.0,48,8,0,0.08,ppi_donor,0.96,0.16404289335534608,0.95
1.0,48,8,1,-0.08,ppi_donor,0.9466666666666667,0.13338452688888913,0.95
1.0,48,8,2,0.0,ppi_donor,0.96,0.1510589091142628,0.95
