embedding,rep,reference,calibration,target,screen_p,screen_flagged,head_accuracy_target
emb_tf-sapiens,0,gingiva,oral_normal_multisite,oral_scc,0.022,True,0.967453733248245
emb_tf-sapiens,1,gingiva,oral_normal_multisite,oral_scc,0.006,True,0.9741267787839586
emb_tf-sapiens,2,gingiva,oral_normal_multisite,oral_scc,0.022,True,0.975828729281768
emb_tf-sapiens,3,gingiva,oral_normal_multisite,oral_scc,0.01,True,0.9868329868329868
emb_tf-sapiens,4,gingiva,oral_normal_multisite,oral_scc,0.014,True,0.9674289674289674
emb_tf-sapiens,5,gingiva,oral_normal_multisite,oral_scc,0.054,False,0.9819819819819819
emb_tf-sapiens,6,gingiva,oral_normal_multisite,oral_scc,0.016,True,0.9767726161369193
emb_tf-sapiens,7,gingiva,oral_normal_multisite,oral_scc,0.002,True,0.9618849618849619
emb_tf-sapiens,8,gingiva,oral_normal_multisite,oral_scc,0.022,True,0.9838822704975473
emb_tf-sapiens,9,gingiva,oral_normal_multisite,oral_scc,0.004,True,0.9523110785033015
emb_tf-sapiens,10,gingiva,oral_normal_multisite,oral_scc,0.026,True,0.9702650290885585
emb_tf-sapiens,11,gingiva,oral_normal_multisite,oral_scc,0.018,True,0.9774983454665784
emb_tf-sapiens,12,gingiva,oral_normal_multisite,oral_scc,0.044,True,0.9728789986091794
emb_tf-sapiens,13,gingiva,oral_normal_multisite,oral_scc,0.02,True,0.9529085872576177
emb_tf-sapiens,14,gingiva,oral_normal_multisite,oral_scc,0.026,True,0.9771309771309772
emb_tf-sapiens,15,gingiva,oral_normal_multisite,oral_scc,0.012,True,0.9834077855775367
emb_tf-sapiens,16,gingiva,oral_normal_multisite,oral_scc,0.012,True,0.9884428223844283
emb_tf-sapiens,17,gingiva,oral_normal_multisite,oral_scc,0.016,True,0.990427568602425
emb_tf-sapiens,18,gingiva,oral_normal_multisite,oral_scc,0.022,True,0.9722759509993553
emb_tf-sapiens,19,gingiva,oral_normal_multisite,oral_scc,0.002,True,0.977342314758114
emb_tf-sapiens,20,gingiva,oral_normal_multisite,oral_scc,0.01,True,0.9754730203223546
emb_tf-sapiens,21,gingiva,oral_normal_multisite,oral_scc,0.124,False,0.9902853673345476
emb_tf-sapiens,22,gingiva,oral_normal_multisite,oral_scc,0.036,True,0.974025974025974
emb_tf-sapiens,23,gingiva,oral_normal_multisite,oral_scc,0.008,True,0.9723756906077348
emb_tf-sapiens,24,gingiva,oral_normal_multisite,oral_scc,0.032,True,0.9904092071611253
emb_tf-sapiens,25,gingiva,oral_normal_multisite,oral_scc,0.014,True,0.9809402795425667
emb_tf-sapiens,26,gingiva,oral_normal_multisite,oral_scc,0.04,True,0.9762066621346023
emb_tf-sapiens,27,gingiva,oral_normal_multisite,oral_scc,0.018,True,0.9808707124010554
emb_tf-sapiens,28,gingiva,oral_normal_multisite,oral_scc,0.05,True,0.9577922077922078
emb_tf-sapiens,29,gingiva,oral_normal_multisite,oral_scc,0.106,False,0.9839331619537275
emb_tf-sapiens,30,gingiva,oral_normal_multisite,oral_scc,0.082,False,0.9758576874205845
emb_tf-sapiens,31,gingiva,oral_normal_multisite,oral_scc,0.038,True,0.9655844155844155
emb_tf-sapiens,32,gingiva,oral_normal_multisite,oral_scc,0.008,True,0.9611111111111111
emb_tf-sapiens,33,gingiva,oral_normal_multisite,oral_scc,0.01,True,0.9774665042630938
emb_tf-sapiens,34,gingiva,oral_normal_multisite,oral_scc,0.002,True,0.9628205128205128
emb_tf-sapiens,35,gingiva,oral_normal_multisite,oral_scc,0.024,True,0.9705438066465257
emb_tf-sapiens,36,gingiva,oral_normal_multisite,oral_scc,0.016,True,0.9689722042663219
emb_tf-sapiens,37,gingiva,oral_normal_multisite,oral_scc,0.01,True,0.9729903536977492
emb_tf-sapiens,38,gingiva,oral_normal_multisite,oral_scc,0.002,True,0.9749357326478149
emb_tf-sapiens,39,gingiva,oral_normal_multisite,oral_scc,0.008,True,0.9693593314763231
emb_tf-sapiens,40,gingiva,oral_normal_multisite,oral_scc,0.19,False,0.9846449136276392
emb_tf-sapiens,41,gingiva,oral_normal_multisite,oral_scc,0.002,True,0.9915907498248073
emb_tf-sapiens,42,gingiva,oral_normal_multisite,oral_scc,0.044,True,0.9756722151088348
emb_tf-sapiens,43,gingiva,oral_normal_multisite,oral_scc,0.004,True,0.9760191846522782
emb_tf-sapiens,44,gingiva,oral_normal_multisite,oral_scc,0.004,True,0.9726027397260274
emb_tf-sapiens,45,gingiva,oral_normal_multisite,oral_scc,0.098,False,0.9401114206128134
emb_tf-sapiens,46,gingiva,oral_normal_multisite,oral_scc,0.002,True,0.9654289372599232
emb_tf-sapiens,47,gingiva,oral_normal_multisite,oral_scc,0.016,True,0.9840459476707084
emb_tf-sapiens,48,gingiva,oral_normal_multisite,oral_scc,0.088,False,0.9800687285223367
emb_tf-sapiens,49,gingiva,oral_normal_multisite,oral_scc,0.024,True,0.9770833333333333
emb_tf-sapiens,50,gingiva,oral_normal_multisite,oral_scc,0.014,True,0.9920844327176781
emb_tf-sapiens,51,gingiva,oral_normal_multisite,oral_scc,0.01,True,0.980013783597519
emb_tf-sapiens,52,gingiva,oral_normal_multisite,oral_scc,0.012,True,0.9896840747904577
emb_tf-sapiens,53,gingiva,oral_normal_multisite,oral_scc,0.066,False,0.9575435936315391
emb_tf-sapiens,54,gingiva,oral_normal_multisite,oral_scc,0.016,True,0.9708029197080292
emb_tf-sapiens,55,gingiva,oral_normal_multisite,oral_scc,0.04,True,0.9799612152553329
emb_tf-sapiens,56,gingiva,oral_normal_multisite,oral_scc,0.042,True,0.9841924398625429
emb_tf-sapiens,57,gingiva,oral_normal_multisite,oral_scc,0.036,True,0.978486646884273
emb_tf-sapiens,58,gingiva,oral_normal_multisite,oral_scc,0.002,True,0.9817320703653586
emb_tf-sapiens,59,gingiva,oral_normal_multisite,oral_scc,0.048,True,0.9868073878627969
emb_tf-exemplar-human,0,gingiva,oral_normal_multisite,oral_scc,0.024,True,0.9795788130185067
emb_tf-exemplar-human,1,gingiva,oral_normal_multisite,oral_scc,0.006,True,0.9728331177231565
emb_tf-exemplar-human,2,gingiva,oral_normal_multisite,oral_scc,0.012,True,0.9682320441988951
emb_tf-exemplar-human,3,gingiva,oral_normal_multisite,oral_scc,0.002,True,0.9799029799029799
emb_tf-exemplar-human,4,gingiva,oral_normal_multisite,oral_scc,0.012,True,0.9715869715869716
emb_tf-exemplar-human,5,gingiva,oral_normal_multisite,oral_scc,0.058,False,0.9708939708939709
emb_tf-exemplar-human,6,gingiva,oral_normal_multisite,oral_scc,0.014,True,0.9621026894865525
emb_tf-exemplar-human,7,gingiva,oral_normal_multisite,oral_scc,0.002,True,0.9625779625779626
emb_tf-exemplar-human,8,gingiva,oral_normal_multisite,oral_scc,0.03,True,0.9733707077785564
emb_tf-exemplar-human,9,gingiva,oral_normal_multisite,oral_scc,0.002,True,0.9442406456346295
emb_tf-exemplar-human,10,gingiva,oral_normal_multisite,oral_scc,0.018,True,0.9722042663219134
emb_tf-exemplar-human,11,gingiva,oral_normal_multisite,oral_scc,0.016,True,0.9781601588352085
emb_tf-exemplar-human,12,gingiva,oral_normal_multisite,oral_scc,0.042,True,0.9680111265646731
emb_tf-exemplar-human,13,gingiva,oral_normal_multisite,oral_scc,0.008,True,0.9626038781163435
emb_tf-exemplar-human,14,gingiva,oral_normal_multisite,oral_scc,0.01,True,0.9785169785169785
emb_tf-exemplar-human,15,gingiva,oral_normal_multisite,oral_scc,0.006,True,0.9757498404594767
emb_tf-exemplar-human,16,gingiva,oral_normal_multisite,oral_scc,0.01,True,0.9805352798053528
emb_tf-exemplar-human,17,gingiva,oral_normal_multisite,oral_scc,0.014,True,0.9840459476707084
emb_tf-exemplar-human,18,gingiva,oral_normal_multisite,oral_scc,0.022,True,0.9626047711154094
emb_tf-exemplar-human,19,gingiva,oral_normal_multisite,oral_scc,0.002,True,0.968156766687079
emb_tf-exemplar-human,20,gingiva,oral_normal_multisite,oral_scc,0.014,True,0.9579537491240364
emb_tf-exemplar-human,21,gingiva,oral_normal_multisite,oral_scc,0.086,False,0.9854280510018215
emb_tf-exemplar-human,22,gingiva,oral_normal_multisite,oral_scc,0.036,True,0.9727272727272728
emb_tf-exemplar-human,23,gingiva,oral_normal_multisite,oral_scc,0.006,True,0.9723756906077348
emb_tf-exemplar-human,24,gingiva,oral_normal_multisite,oral_scc,0.038,True,0.9878516624040921
emb_tf-exemplar-human,25,gingiva,oral_normal_multisite,oral_scc,0.004,True,0.9809402795425667
emb_tf-exemplar-human,26,gingiva,oral_normal_multisite,oral_scc,0.032,True,0.9632902787219578
emb_tf-exemplar-human,27,gingiva,oral_normal_multisite,oral_scc,0.018,True,0.9808707124010554
emb_tf-exemplar-human,28,gingiva,oral_normal_multisite,oral_scc,0.022,True,0.9655844155844155
emb_tf-exemplar-human,29,gingiva,oral_normal_multisite,oral_scc,0.028,True,0.9826478149100257
emb_tf-exemplar-human,30,gingiva,oral_normal_multisite,oral_scc,0.076,False,0.9783989834815756
emb_tf-exemplar-human,31,gingiva,oral_normal_multisite,oral_scc,0.034,True,0.9577922077922078
emb_tf-exemplar-human,32,gingiva,oral_normal_multisite,oral_scc,0.008,True,0.9631944444444445
emb_tf-exemplar-human,33,gingiva,oral_normal_multisite,oral_scc,0.01,True,0.9671132764920828
emb_tf-exemplar-human,34,gingiva,oral_normal_multisite,oral_scc,0.002,True,0.9634615384615385
emb_tf-exemplar-human,35,gingiva,oral_normal_multisite,oral_scc,0.016,True,0.9614803625377644
emb_tf-exemplar-human,36,gingiva,oral_normal_multisite,oral_scc,0.012,True,0.9722042663219134
emb_tf-exemplar-human,37,gingiva,oral_normal_multisite,oral_scc,0.014,True,0.9794212218649517
emb_tf-exemplar-human,38,gingiva,oral_normal_multisite,oral_scc,0.002,True,0.9704370179948586
emb_tf-exemplar-human,39,gingiva,oral_normal_multisite,oral_scc,0.004,True,0.9575208913649025
emb_tf-exemplar-human,40,gingiva,oral_normal_multisite,oral_scc,0.21,False,0.9801663467690339
emb_tf-exemplar-human,41,gingiva,oral_normal_multisite,oral_scc,0.002,True,0.9866853538892782
emb_tf-exemplar-human,42,gingiva,oral_normal_multisite,oral_scc,0.102,False,0.9731113956466069
emb_tf-exemplar-human,43,gingiva,oral_normal_multisite,oral_scc,0.002,True,0.9752198241406874
emb_tf-exemplar-human,44,gingiva,oral_normal_multisite,oral_scc,0.002,True,0.9801369863013699
emb_tf-exemplar-human,45,gingiva,oral_normal_multisite,oral_scc,0.038,True,0.9540389972144847
emb_tf-exemplar-human,46,gingiva,oral_normal_multisite,oral_scc,0.002,True,0.9731113956466069
emb_tf-exemplar-human,47,gingiva,oral_normal_multisite,oral_scc,0.018,True,0.9891512444160817
emb_tf-exemplar-human,48,gingiva,oral_normal_multisite,oral_scc,0.11,False,0.9731958762886598
emb_tf-exemplar-human,49,gingiva,oral_normal_multisite,oral_scc,0.006,True,0.9756944444444444
emb_tf-exemplar-human,50,gingiva,oral_normal_multisite,oral_scc,0.018,True,0.9795514511873351
emb_tf-exemplar-human,51,gingiva,oral_normal_multisite,oral_scc,0.006,True,0.9779462439696761
emb_tf-exemplar-human,52,gingiva,oral_normal_multisite,oral_scc,0.006,True,0.9838813668600903
emb_tf-exemplar-human,53,gingiva,oral_normal_multisite,oral_scc,0.05,True,0.9598180439727066
emb_tf-exemplar-human,54,gingiva,oral_normal_multisite,oral_scc,0.016,True,0.9683698296836983
emb_tf-exemplar-human,55,gingiva,oral_normal_multisite,oral_scc,0.038,True,0.9722042663219134
emb_tf-exemplar-human,56,gingiva,oral_normal_multisite,oral_scc,0.036,True,0.9780068728522336
emb_tf-exemplar-human,57,gingiva,oral_normal_multisite,oral_scc,0.036,True,0.9629080118694362
emb_tf-exemplar-human,58,gingiva,oral_normal_multisite,oral_scc,0.002,True,0.9749661705006766
emb_tf-exemplar-human,59,gingiva,oral_normal_multisite,oral_scc,0.048,True,0.974934036939314
emb_scvi,0,gingiva,oral_normal_multisite,oral_scc,0.004,True,0.9687300574345884
emb_scvi,1,gingiva,oral_normal_multisite,oral_scc,0.002,True,0.9877102199223803
emb_scvi,2,gingiva,oral_normal_multisite,oral_scc,0.002,True,0.9806629834254144
emb_scvi,3,gingiva,oral_normal_multisite,oral_scc,0.002,True,0.9812889812889813
emb_scvi,4,gingiva,oral_normal_multisite,oral_scc,0.004,True,0.9715869715869716
emb_scvi,5,gingiva,oral_normal_multisite,oral_scc,0.006,True,0.9771309771309772
emb_scvi,6,gingiva,oral_normal_multisite,oral_scc,0.002,True,0.980440097799511
emb_scvi,7,gingiva,oral_normal_multisite,oral_scc,0.002,True,0.9681219681219682
emb_scvi,8,gingiva,oral_normal_multisite,oral_scc,0.002,True,0.9719691660826909
emb_scvi,9,gingiva,oral_normal_multisite,oral_scc,0.002,True,0.9765223771093177
emb_scvi,10,gingiva,oral_normal_multisite,oral_scc,0.002,True,0.9799612152553329
emb_scvi,11,gingiva,oral_normal_multisite,oral_scc,0.002,True,0.9814692256783587
emb_scvi,12,gingiva,oral_normal_multisite,oral_scc,0.002,True,0.9714881780250347
emb_scvi,13,gingiva,oral_normal_multisite,oral_scc,0.002,True,0.9729916897506925
emb_scvi,14,gingiva,oral_normal_multisite,oral_scc,0.002,True,0.9826749826749827
emb_scvi,15,gingiva,oral_normal_multisite,oral_scc,0.002,True,0.9834077855775367
emb_scvi,16,gingiva,oral_normal_multisite,oral_scc,0.002,True,0.9799270072992701
emb_scvi,17,gingiva,oral_normal_multisite,oral_scc,0.002,True,0.9821314613911933
emb_scvi,18,gingiva,oral_normal_multisite,oral_scc,0.002,True,0.9690522243713733
emb_scvi,19,gingiva,oral_normal_multisite,oral_scc,0.002,True,0.977342314758114
emb_scvi,20,gingiva,oral_normal_multisite,oral_scc,0.004,True,0.9663629992992292
emb_scvi,21,gingiva,oral_normal_multisite,oral_scc,0.002,True,0.9781420765027322
emb_scvi,22,gingiva,oral_normal_multisite,oral_scc,0.002,True,0.974025974025974
emb_scvi,23,gingiva,oral_normal_multisite,oral_scc,0.002,True,0.9765193370165746
emb_scvi,24,gingiva,oral_normal_multisite,oral_scc,0.002,True,0.9801790281329923
emb_scvi,25,gingiva,oral_normal_multisite,oral_scc,0.008,True,0.9834815756035579
emb_scvi,26,gingiva,oral_normal_multisite,oral_scc,0.002,True,0.9802855200543847
emb_scvi,27,gingiva,oral_normal_multisite,oral_scc,0.004,True,0.9828496042216359
emb_scvi,28,gingiva,oral_normal_multisite,oral_scc,0.004,True,0.9766233766233766
emb_scvi,29,gingiva,oral_normal_multisite,oral_scc,0.004,True,0.9736503856041131
emb_scvi,30,gingiva,oral_normal_multisite,oral_scc,0.008,True,0.9764930114358322
emb_scvi,31,gingiva,oral_normal_multisite,oral_scc,0.004,True,0.9720779220779221
emb_scvi,32,gingiva,oral_normal_multisite,oral_scc,0.002,True,0.9694444444444444
emb_scvi,33,gingiva,oral_normal_multisite,oral_scc,0.004,True,0.9835566382460414
emb_scvi,34,gingiva,oral_normal_multisite,oral_scc,0.002,True,0.9737179487179487
emb_scvi,35,gingiva,oral_normal_multisite,oral_scc,0.002,True,0.9780966767371602
emb_scvi,36,gingiva,oral_normal_multisite,oral_scc,0.002,True,0.9786683904330963
emb_scvi,37,gingiva,oral_normal_multisite,oral_scc,0.002,True,0.9813504823151126
emb_scvi,38,gingiva,oral_normal_multisite,oral_scc,0.002,True,0.974293059125964
emb_scvi,39,gingiva,oral_normal_multisite,oral_scc,0.002,True,0.9777158774373259
emb_scvi,40,gingiva,oral_normal_multisite,oral_scc,0.01,True,0.9833653230966091
emb_scvi,41,gingiva,oral_normal_multisite,oral_scc,0.002,True,0.9810791871058164
emb_scvi,42,gingiva,oral_normal_multisite,oral_scc,0.002,True,0.9801536491677336
emb_scvi,43,gingiva,oral_normal_multisite,oral_scc,0.002,True,0.9800159872102319
emb_scvi,44,gingiva,oral_normal_multisite,oral_scc,0.002,True,0.9780821917808219
emb_scvi,45,gingiva,oral_normal_multisite,oral_scc,0.006,True,0.9811977715877437
emb_scvi,46,gingiva,oral_normal_multisite,oral_scc,0.002,True,0.9743918053777209
emb_scvi,47,gingiva,oral_normal_multisite,oral_scc,0.006,True,0.9821314613911933
emb_scvi,48,gingiva,oral_normal_multisite,oral_scc,0.002,True,0.9766323024054983
emb_scvi,49,gingiva,oral_normal_multisite,oral_scc,0.002,True,0.9694444444444444
emb_scvi,50,gingiva,oral_normal_multisite,oral_scc,0.002,True,0.9828496042216359
emb_scvi,51,gingiva,oral_normal_multisite,oral_scc,0.002,True,0.974500344589938
emb_scvi,52,gingiva,oral_normal_multisite,oral_scc,0.002,True,0.9800128949065119
emb_scvi,53,gingiva,oral_normal_multisite,oral_scc,0.004,True,0.9734647460197119
emb_scvi,54,gingiva,oral_normal_multisite,oral_scc,0.002,True,0.9750608272506083
emb_scvi,55,gingiva,oral_normal_multisite,oral_scc,0.002,True,0.9806076276664512
emb_scvi,56,gingiva,oral_normal_multisite,oral_scc,0.002,True,0.9821305841924398
emb_scvi,57,gingiva,oral_normal_multisite,oral_scc,0.002,True,0.9658753709198813
emb_scvi,58,gingiva,oral_normal_multisite,oral_scc,0.002,True,0.979702300405954
emb_scvi,59,gingiva,oral_normal_multisite,oral_scc,0.002,True,0.9703166226912929
