embedding,rep,screen_p,screen_flagged,head_accuracy_target
emb_tf-sapiens,0,0.824,False,0.8967674661105318
emb_tf-sapiens,1,0.956,False,0.8687766714082503
emb_tf-sapiens,2,0.534,False,0.8694256154120585
emb_tf-sapiens,3,0.436,False,0.8775063798760481
emb_tf-sapiens,4,0.96,False,0.8754499640028798
emb_tf-sapiens,5,0.834,False,0.880057803468208
emb_tf-sapiens,6,0.238,False,0.8809859154929578
emb_tf-sapiens,7,0.128,False,0.8849493487698987
emb_tf-sapiens,8,0.76,False,0.8615494978479197
emb_tf-sapiens,9,0.218,False,0.8895286074127384
emb_tf-sapiens,10,0.13,False,0.8716690042075736
emb_tf-sapiens,11,0.128,False,0.8892025405786874
emb_tf-sapiens,12,0.05,True,0.8900560224089635
emb_tf-sapiens,13,0.292,False,0.8576950105411103
emb_tf-sapiens,14,0.42,False,0.9015071854188573
emb_tf-sapiens,15,0.222,False,0.8721143275925247
emb_tf-sapiens,16,0.704,False,0.9006669006669007
emb_tf-sapiens,17,0.694,False,0.8761804826862539
emb_tf-sapiens,18,0.922,False,0.8894058697208304
emb_tf-sapiens,19,0.478,False,0.8736767819336627
emb_tf-sapiens,20,0.774,False,0.8869778869778869
emb_tf-sapiens,21,0.168,False,0.9034653465346535
emb_tf-sapiens,22,0.816,False,0.8662667607621736
emb_tf-sapiens,23,0.716,False,0.8875530410183875
emb_tf-sapiens,24,0.226,False,0.870613257710032
emb_tf-sapiens,25,0.98,False,0.8912193387842161
emb_tf-sapiens,26,0.552,False,0.8898365316275764
emb_tf-sapiens,27,0.07,False,0.878830574145826
emb_tf-sapiens,28,0.282,False,0.9028611797951254
emb_tf-sapiens,29,0.36,False,0.8677715091678421
emb_tf-sapiens,30,0.796,False,0.8917779339423753
emb_tf-sapiens,31,0.216,False,0.8839566585110101
emb_tf-sapiens,32,0.066,False,0.8703637018365142
emb_tf-sapiens,33,0.532,False,0.8884490824037423
emb_tf-sapiens,34,0.788,False,0.8874195854181558
emb_tf-sapiens,35,0.562,False,0.8861788617886179
emb_tf-sapiens,36,0.318,False,0.90205646566748
emb_tf-sapiens,37,0.39,False,0.864467551093582
emb_tf-sapiens,38,0.312,False,0.8741084165477889
emb_tf-sapiens,39,0.814,False,0.9056267806267806
emb_tf-sapiens,40,0.77,False,0.8969866853538893
emb_tf-sapiens,41,0.04,True,0.8722951401206102
emb_tf-sapiens,42,0.948,False,0.883464005702067
emb_tf-sapiens,43,0.502,False,0.8939776415434547
emb_tf-sapiens,44,0.108,False,0.8737623762376238
emb_tf-sapiens,45,0.25,False,0.8730892285815854
emb_tf-sapiens,46,0.576,False,0.9051355206847361
emb_tf-sapiens,47,0.752,False,0.9039270687237027
emb_tf-sapiens,48,0.058,False,0.892754662840746
emb_tf-sapiens,49,0.54,False,0.9234856535600425
emb_tf-sapiens,50,0.878,False,0.8860936408106219
emb_tf-sapiens,51,0.342,False,0.878930249367546
emb_tf-sapiens,52,0.304,False,0.8671706263498921
emb_tf-sapiens,53,0.998,False,0.8864998237574903
emb_tf-sapiens,54,0.872,False,0.8741888968997837
emb_tf-sapiens,55,0.022,True,0.874145990650845
emb_tf-sapiens,56,0.834,False,0.8761804826862539
emb_tf-sapiens,57,0.718,False,0.8847517730496454
emb_tf-sapiens,58,0.53,False,0.8893169877408056
emb_tf-sapiens,59,0.562,False,0.8991596638655462
emb_tf-sapiens,60,0.958,False,0.8832740213523131
emb_tf-sapiens,61,0.546,False,0.8738515901060071
emb_tf-sapiens,62,0.662,False,0.8722202612072009
emb_tf-sapiens,63,0.728,False,0.8880434782608696
emb_tf-sapiens,64,0.638,False,0.9051327433628319
emb_tf-sapiens,65,0.624,False,0.8585243553008596
emb_tf-sapiens,66,0.216,False,0.8882582476055338
emb_tf-sapiens,67,0.12,False,0.8963436279730209
emb_tf-sapiens,68,0.364,False,0.8971004243281471
emb_tf-sapiens,69,0.638,False,0.8780400572246065
emb_tf-sapiens,70,0.586,False,0.8992907801418439
emb_tf-sapiens,71,0.088,False,0.888849682427664
emb_tf-sapiens,72,0.878,False,0.8870116156282999
emb_tf-sapiens,73,0.94,False,0.8882739536492563
emb_tf-sapiens,74,0.722,False,0.8993956629932457
emb_tf-sapiens,75,0.29,False,0.8672785033533357
emb_tf-sapiens,76,0.886,False,0.8776236214870153
emb_tf-sapiens,77,0.006,True,0.8531093638313081
emb_tf-sapiens,78,0.944,False,0.8854907539118065
emb_tf-sapiens,79,0.956,False,0.8724903134906657
emb_tf-sapiens,80,0.932,False,0.8750877192982456
emb_tf-sapiens,81,0.976,False,0.8802668539325843
emb_tf-sapiens,82,0.082,False,0.8783831282952548
emb_tf-sapiens,83,0.886,False,0.8879800853485064
emb_tf-sapiens,84,0.48,False,0.8799435028248588
emb_tf-sapiens,85,0.026,True,0.8931270241093918
emb_tf-sapiens,86,0.826,False,0.892340275326509
emb_tf-sapiens,87,0.334,False,0.885593220338983
emb_tf-sapiens,88,0.466,False,0.879942487419123
emb_tf-sapiens,89,0.378,False,0.8924541607898449
emb_tf-sapiens,90,0.474,False,0.8912207065407485
emb_tf-sapiens,91,0.574,False,0.8724903134906657
emb_tf-sapiens,92,0.444,False,0.8892035398230088
emb_tf-sapiens,93,0.35,False,0.8947368421052632
emb_tf-sapiens,94,0.92,False,0.9079136690647482
emb_tf-sapiens,95,0.144,False,0.8739224137931034
emb_tf-sapiens,96,0.292,False,0.8962230850688316
emb_tf-sapiens,97,0.166,False,0.8861197646244375
emb_tf-sapiens,98,0.972,False,0.8837703756201276
emb_tf-sapiens,99,0.28,False,0.8929954241464273
emb_tf-exemplar-human,0,0.794,False,0.8932916232186305
emb_tf-exemplar-human,1,0.968,False,0.8584637268847796
emb_tf-exemplar-human,2,0.372,False,0.8719229397074563
emb_tf-exemplar-human,3,0.46,False,0.8789646372584761
emb_tf-exemplar-human,4,0.902,False,0.8779697624190065
emb_tf-exemplar-human,5,0.834,False,0.8710260115606936
emb_tf-exemplar-human,6,0.252,False,0.8830985915492958
emb_tf-exemplar-human,7,0.086,False,0.8806078147612156
emb_tf-exemplar-human,8,0.768,False,0.8662123385939742
emb_tf-exemplar-human,9,0.238,False,0.888089240734077
emb_tf-exemplar-human,10,0.096,False,0.8737727910238429
emb_tf-exemplar-human,11,0.134,False,0.8884968242766408
emb_tf-exemplar-human,12,0.04,True,0.8879551820728291
emb_tf-exemplar-human,13,0.36,False,0.8640196767392833
emb_tf-exemplar-human,14,0.244,False,0.9071153172099544
emb_tf-exemplar-human,15,0.224,False,0.8673506779039941
emb_tf-exemplar-human,16,0.522,False,0.9017199017199017
emb_tf-exemplar-human,17,0.704,False,0.8775795732773697
emb_tf-exemplar-human,18,0.944,False,0.8865425912670007
emb_tf-exemplar-human,19,0.648,False,0.8782639378969654
emb_tf-exemplar-human,20,0.71,False,0.8806598806598807
emb_tf-exemplar-human,21,0.182,False,0.9006364922206507
emb_tf-exemplar-human,22,0.986,False,0.8616796047988708
emb_tf-exemplar-human,23,0.706,False,0.8818953323903819
emb_tf-exemplar-human,24,0.128,False,0.8766394895427153
emb_tf-exemplar-human,25,0.98,False,0.8983291859225027
emb_tf-exemplar-human,26,0.55,False,0.8823738450604123
emb_tf-exemplar-human,27,0.048,True,0.8812962310672772
emb_tf-exemplar-human,28,0.364,False,0.9049805722359591
emb_tf-exemplar-human,29,0.286,False,0.8575458392101551
emb_tf-exemplar-human,30,0.628,False,0.892832044975404
emb_tf-exemplar-human,31,0.31,False,0.8961901433065361
emb_tf-exemplar-human,32,0.036,True,0.8775657184011523
emb_tf-exemplar-human,33,0.86,False,0.8772939906441166
emb_tf-exemplar-human,34,0.734,False,0.8738384560400286
emb_tf-exemplar-human,35,0.46,False,0.8812301166489925
emb_tf-exemplar-human,36,0.352,False,0.8898570930637852
emb_tf-exemplar-human,37,0.614,False,0.8619576909286483
emb_tf-exemplar-human,38,0.244,False,0.8787446504992867
emb_tf-exemplar-human,39,0.94,False,0.8938746438746439
emb_tf-exemplar-human,40,0.802,False,0.900490539593553
emb_tf-exemplar-human,41,0.016,True,0.8875487761617595
emb_tf-exemplar-human,42,0.968,False,0.8841767640769779
emb_tf-exemplar-human,43,0.476,False,0.8864046159394158
emb_tf-exemplar-human,44,0.17,False,0.8741159830268741
emb_tf-exemplar-human,45,0.294,False,0.8759331674369001
emb_tf-exemplar-human,46,0.672,False,0.8972895863052782
emb_tf-exemplar-human,47,0.758,False,0.8930575035063114
emb_tf-exemplar-human,48,0.074,False,0.8830703012912482
emb_tf-exemplar-human,49,0.52,False,0.9217144881331917
emb_tf-exemplar-human,50,0.932,False,0.8888888888888888
emb_tf-exemplar-human,51,0.408,False,0.8778460426454644
emb_tf-exemplar-human,52,0.456,False,0.8689704823614111
emb_tf-exemplar-human,53,1.0,False,0.8847373986605569
emb_tf-exemplar-human,54,0.61,False,0.8821196827685652
emb_tf-exemplar-human,55,0.034,True,0.8597626752966558
emb_tf-exemplar-human,56,0.772,False,0.8754809373906961
emb_tf-exemplar-human,57,0.748,False,0.8843971631205674
emb_tf-exemplar-human,58,0.562,False,0.8903677758318739
emb_tf-exemplar-human,59,0.858,False,0.9009103641456583
emb_tf-exemplar-human,60,0.952,False,0.8779359430604983
emb_tf-exemplar-human,61,0.536,False,0.8632508833922261
emb_tf-exemplar-human,62,0.614,False,0.8753971055418285
emb_tf-exemplar-human,63,0.682,False,0.8778985507246376
emb_tf-exemplar-human,64,0.65,False,0.8849557522123894
emb_tf-exemplar-human,65,0.592,False,0.8681948424068768
emb_tf-exemplar-human,66,0.242,False,0.8861298332742107
emb_tf-exemplar-human,67,0.122,False,0.8913738019169329
emb_tf-exemplar-human,68,0.424,False,0.8893210749646393
emb_tf-exemplar-human,69,0.568,False,0.8805436337625179
emb_tf-exemplar-human,70,0.546,False,0.8964539007092198
emb_tf-exemplar-human,71,0.14,False,0.8821453775582216
emb_tf-exemplar-human,72,0.792,False,0.8901795142555439
emb_tf-exemplar-human,73,0.914,False,0.8830854375648565
emb_tf-exemplar-human,74,0.828,False,0.9029505865623889
emb_tf-exemplar-human,75,0.452,False,0.8725732439110484
emb_tf-exemplar-human,76,0.944,False,0.8786908573461402
emb_tf-exemplar-human,77,0.008,True,0.8591851322373124
emb_tf-exemplar-human,78,0.994,False,0.8844238975817923
emb_tf-exemplar-human,79,0.898,False,0.8622754491017964
emb_tf-exemplar-human,80,0.962,False,0.8698245614035087
emb_tf-exemplar-human,81,0.902,False,0.8690308988764045
emb_tf-exemplar-human,82,0.104,False,0.8864674868189807
emb_tf-exemplar-human,83,0.574,False,0.9011379800853485
emb_tf-exemplar-human,84,0.514,False,0.8774717514124294
emb_tf-exemplar-human,85,0.04,True,0.8949262324577186
emb_tf-exemplar-human,86,0.656,False,0.8941051888457465
emb_tf-exemplar-human,87,0.264,False,0.8873587570621468
emb_tf-exemplar-human,88,0.552,False,0.888569374550683
emb_tf-exemplar-human,89,0.396,False,0.8931593794076164
emb_tf-exemplar-human,90,0.498,False,0.8828261629940539
emb_tf-exemplar-human,91,0.606,False,0.8738992603029235
emb_tf-exemplar-human,92,0.558,False,0.8849557522123894
emb_tf-exemplar-human,93,0.368,False,0.8887719298245614
emb_tf-exemplar-human,94,0.972,False,0.9061151079136691
emb_tf-exemplar-human,95,0.108,False,0.875
emb_tf-exemplar-human,96,0.384,False,0.892340275326509
emb_tf-exemplar-human,97,0.192,False,0.8843890619591555
emb_tf-exemplar-human,98,0.866,False,0.8890857547838412
emb_tf-exemplar-human,99,0.354,False,0.8922914466737064
emb_scvi,0,0.582,False,0.8915537017726799
emb_scvi,1,0.65,False,0.8609530583214794
emb_scvi,2,0.48,False,0.870139136639315
emb_scvi,3,0.324,False,0.8793292016040831
emb_scvi,4,0.532,False,0.8812095032397408
emb_scvi,5,0.894,False,0.8811416184971098
emb_scvi,6,0.106,False,0.8806338028169014
emb_scvi,7,0.402,False,0.8784370477568741
emb_scvi,8,0.6,False,0.866571018651363
emb_scvi,9,0.292,False,0.8801727240014394
emb_scvi,10,0.056,False,0.8622019635343618
emb_scvi,11,0.45,False,0.892378263937897
emb_scvi,12,0.04,True,0.9016106442577031
emb_scvi,13,0.24,False,0.8699929725931131
emb_scvi,14,0.302,False,0.9057132842621801
emb_scvi,15,0.832,False,0.8684499816782705
emb_scvi,16,0.29,False,0.905931905931906
emb_scvi,17,0.546,False,0.8838754809373907
emb_scvi,18,0.928,False,0.8869005010737294
emb_scvi,19,0.93,False,0.8856739590684545
emb_scvi,20,0.428,False,0.8694278694278694
emb_scvi,21,0.392,False,0.8847241867043847
emb_scvi,22,0.744,False,0.855681016231475
emb_scvi,23,0.184,False,0.8712871287128713
emb_scvi,24,0.68,False,0.8784119106699751
emb_scvi,25,0.766,False,0.8997511553501599
emb_scvi,26,0.254,False,0.8909026297085999
emb_scvi,27,0.084,False,0.8922155688622755
emb_scvi,28,0.692,False,0.8961497703991522
emb_scvi,29,0.466,False,0.8596614950634697
emb_scvi,30,0.658,False,0.8924806746310612
emb_scvi,31,0.712,False,0.8895491087032507
emb_scvi,32,0.104,False,0.8880086424198775
emb_scvi,33,0.116,False,0.8834112990284275
emb_scvi,34,0.9,False,0.8849177984274482
emb_scvi,35,0.154,False,0.8773418168964299
emb_scvi,36,0.384,False,0.8870686650400836
emb_scvi,37,0.624,False,0.8587307278594478
emb_scvi,38,0.13,False,0.8840941512125535
emb_scvi,39,0.548,False,0.8888888888888888
emb_scvi,40,0.936,False,0.9039943938332166
emb_scvi,41,0.278,False,0.8882582476055338
emb_scvi,42,0.968,False,0.8791874554526016
emb_scvi,43,0.598,False,0.8781103498016588
emb_scvi,44,0.534,False,0.887906647807638
emb_scvi,45,0.572,False,0.883398506932101
emb_scvi,46,0.358,False,0.8930099857346647
emb_scvi,47,0.294,False,0.8783309957924264
emb_scvi,48,0.2,False,0.8949067431850789
emb_scvi,49,0.222,False,0.9132128940843075
emb_scvi,50,0.776,False,0.9042627533193571
emb_scvi,51,0.294,False,0.8684495843874233
emb_scvi,52,0.51,False,0.871130309575234
emb_scvi,53,0.474,False,0.87486781811773
emb_scvi,54,0.962,False,0.8745493871665465
emb_scvi,55,0.084,False,0.8838547285149226
emb_scvi,56,0.724,False,0.8838754809373907
emb_scvi,57,0.226,False,0.8787234042553191
emb_scvi,58,0.542,False,0.8791593695271454
emb_scvi,59,0.328,False,0.9044117647058824
emb_scvi,60,0.594,False,0.8850533807829182
emb_scvi,61,0.462,False,0.8742049469964664
emb_scvi,62,0.662,False,0.8690434168725732
emb_scvi,63,0.788,False,0.8771739130434782
emb_scvi,64,0.804,False,0.8824778761061947
emb_scvi,65,0.778,False,0.8667621776504298
emb_scvi,66,0.754,False,0.88116353316779
emb_scvi,67,0.492,False,0.8881789137380192
emb_scvi,68,0.472,False,0.8925035360678925
emb_scvi,69,0.884,False,0.8741058655221745
emb_scvi,70,0.49,False,0.8950354609929078
emb_scvi,71,0.398,False,0.8920254057868737
emb_scvi,72,0.502,False,0.8694121788102781
emb_scvi,73,0.918,False,0.8765133171912833
emb_scvi,74,0.924,False,0.8951297547102738
emb_scvi,75,0.532,False,0.8708083303918108
emb_scvi,76,0.714,False,0.8783351120597652
emb_scvi,77,0.01,True,0.8556111508220158
emb_scvi,78,0.514,False,0.885846372688478
emb_scvi,79,0.76,False,0.8689679464600212
emb_scvi,80,0.802,False,0.8729824561403509
emb_scvi,81,0.322,False,0.8690308988764045
emb_scvi,82,0.114,False,0.8857644991212654
emb_scvi,83,0.822,False,0.8865576102418208
emb_scvi,84,0.424,False,0.8905367231638418
emb_scvi,85,0.134,False,0.8783735156531126
emb_scvi,86,0.622,False,0.8895164136957289
emb_scvi,87,0.836,False,0.8848870056497176
emb_scvi,88,0.386,False,0.8846153846153846
emb_scvi,89,0.298,False,0.8928067700987306
emb_scvi,90,0.666,False,0.8614900314795383
emb_scvi,91,0.838,False,0.8753082071151814
emb_scvi,92,0.778,False,0.8792920353982301
emb_scvi,93,0.814,False,0.8828070175438596
emb_scvi,94,0.548,False,0.8971223021582734
emb_scvi,95,0.07,False,0.8631465517241379
emb_scvi,96,0.926,False,0.8775150017649135
emb_scvi,97,0.524,False,0.8788508134302527
emb_scvi,98,0.536,False,0.874202693125443
emb_scvi,99,0.404,False,0.89510735656459
