embedding,triple,rep,reference,calibration,target,n_classes,screen_p,screen_flagged,head_accuracy_target,head_accuracy_calibration,conf_shift,entropy_shift
emb_tf-sapiens,0,0,blood_B,blood_C,blood_D,6,0.002,True,0.8979643126413672,0.9144616788321168,0.09390014417862802,-0.2950115687969903
emb_tf-sapiens,0,1,blood_B,blood_C,blood_D,6,0.002,True,0.8831641946396045,0.6438668490652075,0.10961390128584014,-0.2916272163666208
emb_tf-sapiens,1,0,blood_C,blood_B,blood_A,6,0.002,True,0.933118823259021,0.91500953418687,-0.01214738617930955,0.02843484234849853
emb_tf-sapiens,1,1,blood_C,blood_B,blood_A,6,0.002,True,0.9379773200647998,0.933160621761658,-0.017782850302850317,0.05196784720792294
emb_tf-sapiens,2,0,blood_B,blood_D,blood_E,5,0.002,True,0.8900449943757031,0.9306750065155069,-0.0038774004826269692,0.008939453762643365
emb_tf-sapiens,2,1,blood_B,blood_D,blood_E,5,0.004,True,0.8749282845668388,0.9402028830752803,-0.013091616791146232,0.029710948864455078
emb_tf-sapiens,3,0,blood_A,blood_D,blood_E,5,0.002,True,0.8894932722588034,0.9099551095854238,0.007840912157540791,-0.02181599987975917
emb_tf-sapiens,3,1,blood_A,blood_D,blood_E,5,0.002,True,0.8580281690140845,0.9101004759386568,0.007027954463117658,-0.0275289075367839
emb_tf-sapiens,4,0,blood_D,blood_C,blood_A,6,0.002,True,0.8848706797894255,0.8219931271477663,0.049191304592552054,-0.12123164509827364
emb_tf-sapiens,4,1,blood_D,blood_C,blood_A,6,0.002,True,0.9242284661446338,0.873826425463705,0.04025557915139999,-0.10466039723018328
emb_tf-sapiens,5,0,blood_C,blood_E,blood_B,5,0.002,True,0.9108855047941342,0.9078760307079897,0.010381626958102852,-0.027258416493184487
emb_tf-sapiens,5,1,blood_C,blood_E,blood_B,5,0.002,True,0.9069444444444444,0.8938336242001164,0.010647031700564469,-0.027205457112922236
emb_tf-sapiens,6,0,blood_E,blood_B,blood_A,5,0.002,True,0.9243482309124768,0.9417770419426048,-0.0856428322550109,0.2319040447413121
emb_tf-sapiens,6,1,blood_E,blood_B,blood_A,5,0.002,True,0.9113864858545709,0.9282380396732789,-0.04379618953622133,0.1329943051163031
emb_tf-sapiens,7,0,blood_A,blood_C,blood_D,6,0.002,True,0.9069884364002011,0.9097967572505138,0.026919142097391102,-0.06427715645930267
emb_tf-sapiens,7,1,blood_A,blood_C,blood_D,6,0.002,True,0.9340909090909091,0.9314377436367806,0.03484164355135344,-0.08773935285858583
emb_tf-sapiens,8,0,blood_E,blood_B,blood_C,5,0.002,True,0.9495117885210764,0.949748743718593,-0.0626975602822536,0.16719443409817447
emb_tf-sapiens,8,1,blood_E,blood_B,blood_C,5,0.002,True,0.8789034564958284,0.9509301698571043,-0.10252899679356275,0.26302729041217593
emb_tf-sapiens,9,0,blood_E,blood_D,blood_A,5,0.002,True,0.9058768438304846,0.9494535519125683,-0.0535644173030847,0.15086979899712666
emb_tf-sapiens,9,1,blood_E,blood_D,blood_A,5,0.002,True,0.899319408589533,0.949391592920354,-0.08649646755036722,0.21639231335347442
emb_tf-sapiens,10,0,blood_A,blood_E,blood_C,5,0.002,True,0.9254123834568492,0.900398406374502,-0.026281184824821557,0.07097960963269241
emb_tf-sapiens,10,1,blood_A,blood_E,blood_C,5,0.002,True,0.9303327747186976,0.8994785631517961,-0.025554314937580758,0.061970295536658684
emb_tf-sapiens,11,0,blood_A,blood_B,blood_E,5,0.002,True,0.7907042253521127,0.9257679180887372,-0.027301562939808788,0.0693852216642003
emb_tf-sapiens,11,1,blood_A,blood_B,blood_E,5,0.002,True,0.8893009985734665,0.9723202170963365,-0.020682187104585803,0.052873977243568265
emb_tf-sapiens,12,0,blood_D,blood_C,blood_E,5,0.002,True,0.8947221446523318,0.7637019230769231,0.07110961208914823,-0.1757165046110688
emb_tf-sapiens,12,1,blood_D,blood_C,blood_E,5,0.002,True,0.9098337559876022,0.8532660902977905,0.03802606188505575,-0.10864093842009664
emb_tf-sapiens,13,0,blood_B,blood_E,blood_D,5,0.056,False,0.9045092838196287,0.8933521923620934,-0.008061193961437896,0.016761227948641863
emb_tf-sapiens,13,1,blood_B,blood_E,blood_D,5,0.156,False,0.9029099809627413,0.8525385054192812,-0.0036632858053782247,0.01279374090164312
emb_tf-sapiens,14,0,blood_C,blood_A,blood_B,6,0.002,True,0.9268043866360622,0.9241030358785649,0.015743992127737694,-0.03798549565592725
emb_tf-sapiens,14,1,blood_C,blood_A,blood_B,6,0.002,True,0.9145042338158973,0.9347576384102918,0.016855435193707802,-0.04210849687957907
emb_tf-sapiens,15,0,blood_D,blood_C,blood_B,6,0.002,True,0.9683153013910355,0.8973889143380669,0.06258410040602447,-0.17350573609366704
emb_tf-sapiens,15,1,blood_D,blood_C,blood_B,6,0.002,True,0.9477107830873155,0.8702517162471396,0.0796019947470642,-0.22063082421736024
emb_tf-sapiens,16,0,blood_A,blood_E,blood_D,5,0.392,False,0.9419595314164004,0.8828277205677707,0.001365247297147154,-0.0007723770755160356
emb_tf-sapiens,16,1,blood_A,blood_E,blood_D,5,0.098,False,0.9547683923705722,0.8806312769010043,-0.00640585383677772,0.019876807096454632
emb_tf-sapiens,17,0,blood_C,blood_E,blood_D,5,0.002,True,0.9030303030303031,0.9339594951570297,-0.013995329470046558,0.034807131180785655
emb_tf-sapiens,17,1,blood_C,blood_E,blood_D,5,0.034,True,0.9517615176151761,0.9336969001148105,0.005356983873220811,-0.010689390561993035
emb_tf-sapiens,18,0,blood_C,blood_D,blood_A,6,0.034,True,0.936150666054203,0.931721903812609,0.0036240855454160448,-0.011552979537903338
emb_tf-sapiens,18,1,blood_C,blood_D,blood_A,6,0.004,True,0.9192059095106186,0.8428035043804756,0.0028798247141530453,-0.008780662913312719
emb_tf-sapiens,19,0,blood_B,blood_D,blood_A,6,0.002,True,0.6825213576541215,0.9070996978851964,-0.1215391452673441,0.3044628583099314
emb_tf-sapiens,19,1,blood_B,blood_D,blood_A,6,0.002,True,0.42837497134998853,0.8962383236556425,-0.1893367994947872,0.45753730567957734
emb_tf-sapiens,20,0,blood_E,blood_C,blood_A,5,0.032,True,0.9197936210131332,0.9332051898125902,-0.004828078678783765,0.02314748514737791
emb_tf-sapiens,20,1,blood_E,blood_C,blood_A,5,0.004,True,0.8922029121653359,0.9249762583095916,0.004428896726307752,-0.001837232895557428
emb_tf-sapiens,21,0,blood_A,blood_C,blood_B,6,0.002,True,0.9421740339171532,0.9112940100594421,0.059209509181662456,-0.1505106498293501
emb_tf-sapiens,21,1,blood_A,blood_C,blood_B,6,0.002,True,0.9311393805309734,0.9547325102880658,0.03929971195358173,-0.10945166408302064
emb_tf-sapiens,22,0,blood_A,blood_B,blood_D,6,0.002,True,0.8954703832752613,0.9558351177730193,-0.032553036048711737,0.08551990190028448
emb_tf-sapiens,22,1,blood_A,blood_B,blood_D,6,0.002,True,0.9061416542842992,0.9528957528957529,-0.027466341767200753,0.07534161325401928
emb_tf-sapiens,23,0,blood_E,blood_C,blood_B,5,0.002,True,0.9332201471420487,0.9448856799037304,0.06187406565278675,-0.15375387705913218
emb_tf-sapiens,23,1,blood_E,blood_C,blood_B,5,0.002,True,0.9382022471910112,0.9166666666666666,0.06926439375320703,-0.18025703182517183
emb_tf-exemplar-human,0,0,blood_B,blood_C,blood_D,6,0.002,True,0.8876602161347072,0.7762317518248175,0.11911190646482439,-0.3085220087288948
emb_tf-exemplar-human,0,1,blood_B,blood_C,blood_D,6,0.002,True,0.7418683320322664,0.6101231190150479,0.10587679504091563,-0.28581466746592227
emb_tf-exemplar-human,1,0,blood_C,blood_B,blood_A,6,0.002,True,0.9285221788094691,0.9185508035957505,-0.016418992868248217,0.05128239260012118
emb_tf-exemplar-human,1,1,blood_C,blood_B,blood_A,6,0.002,True,0.9303401990280028,0.8704663212435233,-0.010442693798343061,0.031222028810483055
emb_tf-exemplar-human,2,0,blood_B,blood_D,blood_E,5,0.002,True,0.9437570303712036,0.9549126922074538,-0.0001980476713574486,0.001037832140115033
emb_tf-exemplar-human,2,1,blood_B,blood_D,blood_E,5,0.014,True,0.8714859437751004,0.9092365189535504,-0.0020056151606147044,0.006947053099640721
emb_tf-exemplar-human,3,0,blood_A,blood_D,blood_E,5,0.002,True,0.9352991697681077,0.9474518088196462,0.008199404794772769,-0.02131029076016945
emb_tf-exemplar-human,3,1,blood_A,blood_D,blood_E,5,0.01,True,0.9047887323943662,0.8863035430988895,0.006831160616346921,-0.017916405405424773
emb_tf-exemplar-human,4,0,blood_D,blood_C,blood_A,6,0.002,True,0.9137102311741817,0.8593356242840778,0.039310269489690186,-0.09258521625354307
emb_tf-exemplar-human,4,1,blood_D,blood_C,blood_A,6,0.002,True,0.9094887148779365,0.7840622853217312,0.04186014811670302,-0.0914430689521932
emb_tf-exemplar-human,5,0,blood_C,blood_E,blood_B,5,0.002,True,0.8578680203045685,0.9087290304236565,0.008727582901760456,-0.022540206811301262
emb_tf-exemplar-human,5,1,blood_C,blood_E,blood_B,5,0.002,True,0.8958333333333334,0.8941244909831297,0.00577466936507165,-0.015123439146020004
emb_tf-exemplar-human,6,0,blood_E,blood_B,blood_A,5,0.002,True,0.7981843575418994,0.8369205298013245,-0.061790679933551806,0.16966638065690032
emb_tf-exemplar-human,6,1,blood_E,blood_B,blood_A,5,0.002,True,0.9279869067103109,0.8442240373395566,-0.029358097729250576,0.1026951176706491
emb_tf-exemplar-human,7,0,blood_A,blood_C,blood_D,6,0.002,True,0.8881347410759175,0.9415391641927381,0.008011143207405036,-0.023636287539558556
emb_tf-exemplar-human,7,1,blood_A,blood_C,blood_D,6,0.002,True,0.7974747474747474,0.943590919513873,-0.00873384740968719,0.01922905983467227
emb_tf-exemplar-human,8,0,blood_E,blood_B,blood_C,5,0.002,True,0.9033103119790427,0.8397543271915131,-0.05000936660458333,0.11919393854202652
emb_tf-exemplar-human,8,1,blood_E,blood_B,blood_C,5,0.002,True,0.8414779499404053,0.8722027500674037,-0.10129311383633222,0.2632605752588625
emb_tf-exemplar-human,9,0,blood_E,blood_D,blood_A,5,0.002,True,0.9311636619058768,0.9647540983606557,-0.028756739314378943,0.07925578075036283
emb_tf-exemplar-human,9,1,blood_E,blood_D,blood_A,5,0.002,True,0.8042712978174138,0.9297566371681416,-0.1303118772359032,0.29424306911924697
emb_tf-exemplar-human,10,0,blood_A,blood_E,blood_C,5,0.002,True,0.9342577097776715,0.8676721684689812,-0.00827238500324956,0.03668363325005175
emb_tf-exemplar-human,10,1,blood_A,blood_E,blood_C,5,0.002,True,0.937036150347139,0.8745654692931634,-0.021698228264794617,0.05867017757067507
emb_tf-exemplar-human,11,0,blood_A,blood_B,blood_E,5,0.002,True,0.8859154929577465,0.9360068259385665,-0.024634059416682286,0.06346652729546932
emb_tf-exemplar-human,11,1,blood_A,blood_B,blood_E,5,0.002,True,0.884450784593438,0.9495251017639077,-0.015348594876335997,0.04286609261542226
emb_tf-exemplar-human,12,0,blood_D,blood_C,blood_E,5,0.002,True,0.9053337056688076,0.8978365384615384,0.05146446175206798,-0.14507903244869524
emb_tf-exemplar-human,12,1,blood_D,blood_C,blood_E,5,0.002,True,0.9343477035784729,0.9279538904899135,0.036317642559947516,-0.11100917007661584
emb_tf-exemplar-human,13,0,blood_B,blood_E,blood_D,5,0.084,False,0.8872679045092838,0.8356435643564356,-0.0033988822308125277,0.016714140643851405
emb_tf-exemplar-human,13,1,blood_B,blood_E,blood_D,5,0.024,True,0.7957574109328257,0.8088990302338848,-0.01917717021276355,0.0565371405604818
emb_tf-exemplar-human,14,0,blood_C,blood_A,blood_B,6,0.002,True,0.9308849783218567,0.9162833486660533,0.01913635930149704,-0.04691159082063411
emb_tf-exemplar-human,14,1,blood_C,blood_A,blood_B,6,0.002,True,0.8959300737503414,0.9179875947622329,0.020964336207422996,-0.054034802724583664
emb_tf-exemplar-human,15,0,blood_D,blood_C,blood_B,6,0.002,True,0.9252962390520351,0.6177278973889143,0.05846445377162124,-0.16656208686148438
emb_tf-exemplar-human,15,1,blood_D,blood_C,blood_B,6,0.002,True,0.9512134100575431,0.8038901601830664,0.1011214497491375,-0.264114336248623
emb_tf-exemplar-human,16,0,blood_A,blood_E,blood_D,5,0.106,False,0.8383919062832801,0.8778179794043974,-0.007419331819414454,0.0162608239169494
emb_tf-exemplar-human,16,1,blood_A,blood_E,blood_D,5,0.046,True,0.9365122615803815,0.8614060258249642,0.008428918726857804,-0.015730402776765268
emb_tf-exemplar-human,17,0,blood_C,blood_E,blood_D,5,0.028,True,0.925068870523416,0.9377751687701791,-0.00409209949813405,0.015056584867571755
emb_tf-exemplar-human,17,1,blood_C,blood_E,blood_D,5,0.94,False,0.9333333333333333,0.9460390355912744,4.798884472978493e-05,0.0016988088562191125
emb_tf-exemplar-human,18,0,blood_C,blood_D,blood_A,6,0.17,False,0.9354616444648599,0.9115375031148767,-0.002083200724209311,0.007433183241443805
emb_tf-exemplar-human,18,1,blood_C,blood_D,blood_A,6,0.002,True,0.9219759926131117,0.9088861076345431,-0.007550283742295938,0.02122384071690378
emb_tf-exemplar-human,19,0,blood_B,blood_D,blood_A,6,0.002,True,0.4950357885015008,0.8640483383685801,-0.05418620708631294,0.1403947734603617
emb_tf-exemplar-human,19,1,blood_B,blood_D,blood_A,6,0.002,True,0.34288333715333486,0.7086594294370109,-0.07480967283986062,0.20440613232993537
emb_tf-exemplar-human,20,0,blood_E,blood_C,blood_A,5,0.04,True,0.8792213883677298,0.891158097068717,-0.014074652717088965,0.043096901289530753
emb_tf-exemplar-human,20,1,blood_E,blood_C,blood_A,5,0.002,True,0.7963832785345233,0.7454890788224121,-0.025997121076236418,0.05077433158230721
emb_tf-exemplar-human,21,0,blood_A,blood_C,blood_B,6,0.002,True,0.9029747011398388,0.9343850022862369,0.03241928789398596,-0.08606034280740746
emb_tf-exemplar-human,21,1,blood_A,blood_C,blood_B,6,0.002,True,0.9150995575221239,0.9540466392318244,0.03258329379223679,-0.08624389697495385
emb_tf-exemplar-human,22,0,blood_A,blood_B,blood_D,6,0.002,True,0.881781981085117,0.933083511777302,-0.01782738441539289,0.05224920032698238
emb_tf-exemplar-human,22,1,blood_A,blood_B,blood_D,6,0.002,True,0.8741951461119366,0.8841698841698842,-0.009259408272915048,0.030608506513609884
emb_tf-exemplar-human,23,0,blood_E,blood_C,blood_B,5,0.002,True,0.8913412563667232,0.9174488567990373,0.0661910684960777,-0.16305932504861775
emb_tf-exemplar-human,23,1,blood_E,blood_C,blood_B,5,0.002,True,0.9036516853932585,0.9121037463976945,0.06000133847406508,-0.15964353009100057
emb_scvi,0,0,blood_B,blood_C,blood_D,6,0.002,True,0.913546117114853,0.9219890510948905,0.01384780878235281,-0.0414463433504719
emb_scvi,0,1,blood_B,blood_C,blood_D,6,0.002,True,0.9227166276346604,0.8853169174646602,0.02497590002714789,-0.06465783649268503
emb_scvi,1,0,blood_C,blood_B,blood_A,6,0.002,True,0.891978855435532,0.9182783982566058,-0.03642733828961908,0.08230919039145541
emb_scvi,1,1,blood_C,blood_B,blood_A,6,0.002,True,0.8912288822031937,0.9246113989637306,-0.033255306960361164,0.07472200784142348
emb_scvi,2,0,blood_B,blood_D,blood_E,5,0.036,True,0.9153543307086615,0.9426635392233516,-0.014087685961897578,0.027122463343282846
emb_scvi,2,1,blood_B,blood_D,blood_E,5,0.028,True,0.9050487664945496,0.9444741057127602,-0.014748130265121562,0.030245521749761306
emb_scvi,3,0,blood_A,blood_D,blood_E,5,0.65,False,0.9043801889493273,0.9236862952204912,-0.006152667467473338,0.012875426600575154
emb_scvi,3,1,blood_A,blood_D,blood_E,5,0.154,False,0.9304225352112676,0.9190904283447912,0.011769747572692335,-0.0314989101148872
emb_scvi,4,0,blood_D,blood_C,blood_A,6,0.016,True,0.9240100709544519,0.8689576174112257,0.006119097962348108,-0.010647902133636228
emb_scvi,4,1,blood_D,blood_C,blood_A,6,0.206,False,0.9159373560571166,0.9077169681703686,-0.005835547907556027,0.012333976062898655
emb_scvi,5,0,blood_C,blood_E,blood_B,5,0.366,False,0.9128595600676819,0.9209553596815467,-0.0075430568116354735,0.013240123357025235
emb_scvi,5,1,blood_C,blood_E,blood_B,5,0.176,False,0.9341666666666667,0.923502036067481,0.007553736722982429,-0.015064762562492062
emb_scvi,6,0,blood_E,blood_B,blood_A,5,0.002,True,0.8994413407821229,0.9230132450331126,-0.027356518305442168,0.06687174390386141
emb_scvi,6,1,blood_E,blood_B,blood_A,5,0.002,True,0.9181669394435352,0.9209451575262544,-0.019635987537881316,0.04786227573870208
emb_scvi,7,0,blood_A,blood_C,blood_D,6,0.002,True,0.9308697838109603,0.9171043617264215,0.010326917414041903,-0.015837734818573257
emb_scvi,7,1,blood_A,blood_C,blood_D,6,0.002,True,0.9303030303030303,0.8869525338225178,0.015309162397207698,-0.028284610521974785
emb_scvi,8,0,blood_E,blood_B,blood_C,5,0.002,True,0.9195046439628483,0.923785594639866,-0.010189890980032867,0.022156636510363592
emb_scvi,8,1,blood_E,blood_B,blood_C,5,0.002,True,0.9067938021454112,0.923429495820976,-0.012750435932500137,0.025090041024282528
emb_scvi,9,0,blood_E,blood_D,blood_A,5,0.002,True,0.9096230391009131,0.9385245901639344,-0.02381640586028133,0.06335725454744304
emb_scvi,9,1,blood_E,blood_D,blood_A,5,0.002,True,0.8918094344050692,0.9178650442477876,-0.034019394933810565,0.0825340279343128
emb_scvi,10,0,blood_A,blood_E,blood_C,5,0.014,True,0.8983982787473106,0.9308480364257257,-0.012788562811529847,0.030582394573678895
emb_scvi,10,1,blood_A,blood_E,blood_C,5,0.142,False,0.8977735216662677,0.9203360370799536,-0.01124329616997155,0.016612605283134435
emb_scvi,11,0,blood_A,blood_B,blood_E,5,0.004,True,0.9211267605633803,0.9195108077360638,-0.0011164152937463978,0.002918083059407689
emb_scvi,11,1,blood_A,blood_B,blood_E,5,0.01,True,0.9283880171184022,0.9394843962008141,-0.003104989194627761,0.011927006661017397
emb_scvi,12,0,blood_D,blood_C,blood_E,5,0.002,True,0.9190170343479475,0.9038461538461539,0.0112357425344205,-0.023852510715994896
emb_scvi,12,1,blood_D,blood_C,blood_E,5,0.002,True,0.9137785291631445,0.8948126801152738,0.0052590629200192085,-0.014410267873826738
emb_scvi,13,0,blood_B,blood_E,blood_D,5,0.022,True,0.9421750663129973,0.9405940594059405,-0.0018453832348577226,0.005980864760593924
emb_scvi,13,1,blood_B,blood_E,blood_D,5,0.012,True,0.9390807723687788,0.9221334854535083,0.01399307540975181,-0.027959960416184718
emb_scvi,14,0,blood_C,blood_A,blood_B,6,0.002,True,0.9410864575363428,0.889604415823367,0.037251048132522446,-0.0860588179224113
emb_scvi,14,1,blood_C,blood_A,blood_B,6,0.002,True,0.9216061185468452,0.9120147025040202,0.030145414328118902,-0.074394989955714
emb_scvi,15,0,blood_D,blood_C,blood_B,6,0.002,True,0.9064914992272025,0.8708199725148877,0.003219617703434152,-0.011484771583307796
emb_scvi,15,1,blood_D,blood_C,blood_B,6,0.002,True,0.9139354515886915,0.8997711670480549,-0.005678921219425814,0.010561104849476477
emb_scvi,16,0,blood_A,blood_E,blood_D,5,0.494,False,0.9454206602768903,0.9320901753409407,0.0011239418029228565,0.0030713579637357546
emb_scvi,16,1,blood_A,blood_E,blood_D,5,0.184,False,0.9373297002724795,0.9354375896700143,-0.0034719271302184884,0.015327069373291521
emb_scvi,17,0,blood_C,blood_E,blood_D,5,0.072,False,0.9057851239669421,0.9389492221896096,-0.008522298547439133,0.019175941609503394
emb_scvi,17,1,blood_C,blood_E,blood_D,5,0.08,False,0.9151761517615176,0.939150401836969,-0.003947339253349669,0.008868462528135904
emb_scvi,18,0,blood_C,blood_D,blood_A,6,0.002,True,0.905144694533762,0.9162721156242213,-0.024244096274805615,0.05538662868526306
emb_scvi,18,1,blood_C,blood_D,blood_A,6,0.002,True,0.9021237303785781,0.9133917396745932,-0.021375970864508487,0.05194010626230021
emb_scvi,19,0,blood_B,blood_D,blood_A,6,0.002,True,0.8912491341491572,0.9352970795568983,-0.03670769935158158,0.09115775937895648
emb_scvi,19,1,blood_B,blood_D,blood_A,6,0.002,True,0.8980059592023837,0.9252713961120929,-0.03242210213250296,0.07861539038043625
emb_scvi,20,0,blood_E,blood_C,blood_A,5,0.002,True,0.9075984990619137,0.9298414223930802,-0.0157166604340907,0.03721526997178953
emb_scvi,20,1,blood_E,blood_C,blood_A,5,0.002,True,0.9095819633630813,0.9261633428300095,-0.016754660242980668,0.03829134868976525
emb_scvi,21,0,blood_A,blood_C,blood_B,6,0.002,True,0.9179872115651933,0.905578417924097,0.012930970694580601,-0.03152591601974017
emb_scvi,21,1,blood_A,blood_C,blood_B,6,0.002,True,0.9375,0.9170096021947873,0.00998096572254592,-0.01843165638886593
emb_scvi,22,0,blood_A,blood_B,blood_D,6,0.002,True,0.9400199104031857,0.9164882226980728,0.008735012179874935,-0.015289366273486149
emb_scvi,22,1,blood_A,blood_B,blood_D,6,0.002,True,0.9395740465577018,0.9289575289575289,0.013197161374171928,-0.02028166946518606
emb_scvi,23,0,blood_E,blood_C,blood_B,5,0.002,True,0.9252971137521222,0.9253910950661853,0.01370184121230078,-0.03170250635698829
emb_scvi,23,1,blood_E,blood_C,blood_B,5,0.002,True,0.9210674157303371,0.9236311239193083,0.007099986683882675,-0.005709117208491682
