shift,magnitude,k_labeled_target,method,target,coverage,cov_sd,set_size,p_under5,mean_omega
none,0.0,3,source_crc,0.9,0.9437480048510081,0.01639830390270884,2.2835348285229666,0.0,
none,0.0,3,source_weighted,0.9,0.8994383575305328,0.023290127468122142,1.8408266864437297,0.02,
none,0.0,3,target_only_k,0.9,0.8920995666795294,0.03904641538759099,1.8273401162382947,0.16,
none,0.0,3,pooled_plugin,0.9,0.8996861770801573,0.02201281014106319,1.8400261498982895,0.02,
none,0.0,3,adaptive_crc,0.9,0.9223911656923517,0.025048747601519285,2.067697937680447,0.0,0.5325
none,0.0,3,adaptive_plugin,0.9,0.8957057914111458,0.029867641722688455,1.8294569394474172,0.09,
none,0.0,6,source_crc,0.9,0.9444019837148078,0.01602582896020772,2.2533437819429367,0.0,
none,0.0,6,source_weighted,0.9,0.9003838336151666,0.02200651016772285,1.814745656740521,0.03,
none,0.0,6,target_only_k,0.9,0.8964925220692753,0.02965334423240943,1.8047916481071424,0.04,
none,0.0,6,pooled_plugin,0.9,0.9002179011046882,0.02037786719606023,1.8120178007511487,0.01,
none,0.0,6,adaptive_crc,0.9,0.9194668784979905,0.022979630684548075,1.9861384774748985,0.01,0.485
none,0.0,6,adaptive_plugin,0.9,0.8975398034763026,0.0256263638642035,1.8059309842744684,0.03,
dataset_offset,1.0,3,source_crc,0.9,0.9437648853764474,0.0179290440600009,2.2292039481653307,0.0,
dataset_offset,1.0,3,source_weighted,0.9,0.8996981131168167,0.0244891837480125,1.798656277327939,0.02,
dataset_offset,1.0,3,target_only_k,0.9,0.8957726029661292,0.03965517322111673,1.8099803496178972,0.14,
dataset_offset,1.0,3,pooled_plugin,0.9,0.8998267145883462,0.02366026121107288,1.799346687132953,0.02,
dataset_offset,1.0,3,adaptive_crc,0.9,0.9236839803636628,0.027420419680572017,2.055957993328077,0.01,0.5675
dataset_offset,1.0,3,adaptive_plugin,0.9,0.8978557807937699,0.031820715460007976,1.8014042028493418,0.09,
dataset_offset,1.0,6,source_crc,0.9,0.9450525810665538,0.018095041556792875,2.24310994997662,0.0,
dataset_offset,1.0,6,source_weighted,0.9,0.9004016292330503,0.02449975510800747,1.8048764368129817,0.04,
dataset_offset,1.0,6,target_only_k,0.9,0.8955046593546431,0.03215861203870826,1.7892242287612348,0.07,
dataset_offset,1.0,6,pooled_plugin,0.9,0.9003188081467514,0.02307841553178681,1.8014118810140132,0.02,
dataset_offset,1.0,6,adaptive_crc,0.9,0.919677453586009,0.02453458358478065,1.9771544359991737,0.01,0.48
dataset_offset,1.0,6,adaptive_plugin,0.9,0.8972415133209728,0.02813578813996913,1.792174906238871,0.04,
dataset_offset,2.0,3,source_crc,0.9,0.9257567797901437,0.020279263706918425,2.226117193375348,0.0,
dataset_offset,2.0,3,source_weighted,0.9,0.874167310457573,0.025393902674438137,1.7975915328889536,0.16,
dataset_offset,2.0,3,target_only_k,0.9,0.8890758813531415,0.04452530220627721,1.954309990298434,0.2,
dataset_offset,2.0,3,pooled_plugin,0.9,0.8777428491992368,0.024463843007756596,1.8187000429459423,0.13,
dataset_offset,2.0,3,adaptive_crc,0.9,0.9134124834882269,0.038003904079986016,2.247243685376329,0.02,0.82
dataset_offset,2.0,3,adaptive_plugin,0.9,0.8874990960075683,0.03578115449251937,1.9125371701043306,0.14,
dataset_offset,2.0,6,source_crc,0.9,0.9303271160190364,0.020506769153085785,2.267005369289576,0.0,
dataset_offset,2.0,6,source_weighted,0.9,0.8781029132642049,0.026009516232060523,1.8199114905399592,0.14,
dataset_offset,2.0,6,target_only_k,0.9,0.8905889524130757,0.033807323142656207,1.9230584732122227,0.11,
dataset_offset,2.0,6,pooled_plugin,0.9,0.8821269151664913,0.023344748291242255,1.8428263287629507,0.12,
dataset_offset,2.0,6,adaptive_crc,0.9,0.9103349504320672,0.029318072013125574,2.0879932355477915,0.02,0.68
dataset_offset,2.0,6,adaptive_plugin,0.9,0.8889235963232908,0.030377267861874842,1.903263374470083,0.09,
concept_shift,0.4,3,source_crc,0.9,0.8977959444836483,0.02153651078669848,2.3156736875279256,0.02,
concept_shift,0.4,3,source_weighted,0.9,0.8425977003334936,0.02558143554506504,1.844498149427971,0.62,
concept_shift,0.4,3,target_only_k,0.9,0.8962168982924891,0.03905873782084458,2.3575903992829383,0.11,
concept_shift,0.4,3,pooled_plugin,0.9,0.851377654967464,0.02502231383503049,1.9048920616548517,0.45,
concept_shift,0.4,3,adaptive_crc,0.9,0.9173445146913223,0.04075979273305481,2.7116076058919503,0.04,1.395
concept_shift,0.4,3,adaptive_plugin,0.9,0.8829725664685352,0.03346565779286391,2.1934209518372962,0.16,
concept_shift,0.4,6,source_crc,0.9,0.8986376116381644,0.023599010157716198,2.349862714939344,0.01,
concept_shift,0.4,6,source_weighted,0.9,0.8418944159114795,0.027997570319025725,1.8616731147081993,0.62,
concept_shift,0.4,6,target_only_k,0.9,0.8998182117495671,0.03194088291235665,2.3961539580672624,0.04,
concept_shift,0.4,6,pooled_plugin,0.9,0.8585357082473886,0.02603822466100021,1.9801017692596545,0.36,
concept_shift,0.4,6,adaptive_crc,0.9,0.914604503688658,0.03405727385009747,2.6038535451997262,0.04,1.39
concept_shift,0.4,6,adaptive_plugin,0.9,0.8916590922087636,0.03061325432501668,2.300854771524077,0.08,
concept_shift,0.7,3,source_crc,0.9,0.8379773329250191,0.02603633331497141,2.306327103046962,0.62,
concept_shift,0.7,3,source_weighted,0.9,0.7861876243586211,0.027458431149164682,1.8348789106604153,1.0,
concept_shift,0.7,3,target_only_k,0.9,0.8944548656349234,0.04509537463473136,3.2482569231734186,0.13,
concept_shift,0.7,3,pooled_plugin,0.9,0.8021750860247618,0.027940438406813338,1.9591450903780407,0.95,
concept_shift,0.7,3,adaptive_crc,0.9,0.9312441857754251,0.06036381324110959,4.208668417001909,0.07,2.635
concept_shift,0.7,3,adaptive_plugin,0.9,0.8699423018689703,0.04198671968399757,2.788658584608326,0.32,
concept_shift,0.7,6,source_crc,0.9,0.8355834463075711,0.025744027369380577,2.2843424406691883,0.72,
concept_shift,0.7,6,source_weighted,0.9,0.7836559086119377,0.028010353534320208,1.812981911416674,1.0,
concept_shift,0.7,6,target_only_k,0.9,0.9013973624401278,0.03149439525161106,3.354961137901059,0.06,
concept_shift,0.7,6,pooled_plugin,0.9,0.8134100330076552,0.024924836464685705,2.058067165599354,0.94,
concept_shift,0.7,6,adaptive_crc,0.9,0.9329248994159072,0.04343200231298321,4.152727923762667,0.02,2.91
concept_shift,0.7,6,adaptive_plugin,0.9,0.885619486495617,0.030889132950225374,3.0370275397449635,0.12,
